fips,county,state,state_name,lat,lon,land_sq_mi,population,septic_dominant_class,septic_dominant_share_pct,septic_very_limited_pct
06037,Los Angeles County,CA,California,34.1964,-118.2619,4060.29,9757179,,,
17031,Cook County,IL,Illinois,41.8943,-87.6455,944.93,5182617,Very limited,65.4,65.4
48201,Harris County,TX,Texas,29.8573,-95.393,1707.103,5009302,Very limited,87.2,87.2
04013,Maricopa County,AZ,Arizona,33.3452,-112.4989,9202.021,4673096,,,
06073,San Diego County,CA,California,33.0236,-116.7761,4210.884,3298799,,,
06059,Orange County,CA,California,33.6757,-117.7772,793.249,3170435,,,
12086,Miami-Dade County,FL,Florida,25.616,-80.5037,1899.988,2838461,,,
48113,Dallas County,TX,Texas,32.767,-96.7784,873.188,2656028,Very limited,90.1,90.1
36047,Kings County,NY,New York,40.635,-73.9506,69.377,2617631,Very limited,74.4,74.4
06065,Riverside County,CA,California,33.7298,-116.0022,7209.021,2529933,,,
32003,Clark County,NV,Nevada,36.2141,-115.0144,7891.661,2398871,,,
53033,King County,WA,Washington,47.4906,-121.834,2115.75,2340211,,,
36081,Queens County,NY,New York,40.6547,-73.8412,108.724,2316841,Very limited,75.4,75.4
48439,Tarrant County,TX,Texas,32.7721,-97.2912,865.4,2230708,Very limited,75.8,75.8
06071,San Bernardino County,CA,California,34.8567,-116.1816,20068.42,2214281,,,
48029,Bexar County,TX,Texas,29.4487,-98.5201,1240.419,2127737,Very limited,93,93
12011,Broward County,FL,Florida,26.1935,-80.4767,1202.982,2037472,,,
06085,Santa Clara County,CA,California,37.2216,-121.6895,1291.084,1926325,,,
26163,Wayne County,MI,Michigan,42.2847,-83.262,611.843,1771063,Very limited,69.5,69.5
25017,Middlesex County,MA,Massachusetts,42.4817,-71.3949,817.905,1668956,Very limited,76,76
36061,New York County,NY,New York,40.7766,-73.9702,22.658,1660664,Very limited,59.6,59.6
06001,Alameda County,CA,California,37.6471,-121.9125,737.459,1649060,,,
06067,Sacramento County,CA,California,38.4501,-121.3443,965.38,1611231,Very limited,84.3,84.3
12099,Palm Beach County,FL,Florida,26.6491,-80.4484,1964.32,1582055,,,
12057,Hillsborough County,FL,Florida,27.8932,-82.38,1022.539,1581426,Very limited,89.3,89.3
42101,Philadelphia County,PA,Pennsylvania,40.0094,-75.1333,134.325,1573916,Not rated,61.1,13.1
36103,Suffolk County,NY,New York,40.9436,-72.6922,910.94,1535909,Very limited,64.1,64.1
12095,Orange County,FL,Florida,28.5144,-81.3233,903.053,1533646,Very limited,82.2,82.2
36059,Nassau County,NY,New York,40.7296,-73.5894,284.544,1392438,Not rated,53.9,43
36005,Bronx County,NY,New York,40.8487,-73.8529,42.201,1384724,Very limited,64,64
48453,Travis County,TX,Texas,30.2395,-97.6913,994.329,1363767,Very limited,91.4,91.4
39049,Franklin County,OH,Ohio,39.9699,-83.0091,532.417,1356303,Very limited,83.2,83.2
26125,Oakland County,MI,Michigan,42.6605,-83.3842,867.426,1296888,Very limited,73.5,73.5
27053,Hennepin County,MN,Minnesota,45.0061,-93.4752,554.02,1273334,Very limited,65.3,65.3
48085,Collin County,TX,Texas,33.1945,-96.5794,841.513,1254658,Very limited,93.9,93.9
39035,Cuyahoga County,OH,Ohio,41.555,-81.605,457.232,1240594,Very limited,62.5,62.5
37183,Wake County,NC,North Carolina,35.7898,-78.6506,834.778,1232444,Very limited,50.5,50.5
42003,Allegheny County,PA,Pennsylvania,40.4698,-79.9805,729.952,1231814,Very limited,76.9,76.9
49035,Salt Lake County,UT,Utah,40.6679,-111.9242,752.852,1216274,,,
37119,Mecklenburg County,NC,North Carolina,35.2469,-80.8338,523.602,1206285,Very limited,43.7,43.7
06013,Contra Costa County,CA,California,37.9195,-121.9515,716.901,1172607,Very limited,84.4,84.4
51059,Fairfax County,VA,Virginia,38.8295,-77.2733,391.021,1160925,Very limited,66.7,66.7
13121,Fulton County,GA,Georgia,33.79,-84.4682,526.859,1090354,Somewhat limited,35.8,29.4
24031,Montgomery County,MD,Maryland,39.1374,-77.2031,493.142,1082273,Very limited,81.7,81.7
04019,Pima County,AZ,Arizona,32.128,-111.7837,9188.692,1080149,,,
12031,Duval County,FL,Florida,30.3352,-81.6481,762.687,1055159,Very limited,79.7,79.7
48121,Denton County,TX,Texas,33.2051,-97.1211,878.762,1045120,Very limited,82.6,82.6
06019,Fresno County,CA,California,36.761,-119.655,5958.582,1024125,,,
36119,Westchester County,NY,New York,41.1527,-73.7458,430.817,1006447,Very limited,58.7,58.7
13135,Gwinnett County,GA,Georgia,33.9588,-84.0257,431.135,1003869,Somewhat limited,53.4,44.6
15003,Honolulu County,HI,Hawaii,21.4614,-158.202,600.791,998747,,,
29189,St. Louis County,MO,Missouri,38.6404,-90.4455,508.525,992929,Very limited,56.9,56.9
09110,Capitol Planning Region,CT,Connecticut,41.817,-72.5759,1027.354,991508,,,
18097,Marion County,IN,Indiana,39.783,-86.1358,395.996,981628,Very limited,62.9,62.9
34003,Bergen County,NJ,New Jersey,40.9597,-74.0747,232.797,978641,Very limited,63.3,63.3
24033,Prince George's County,MD,Maryland,38.8293,-76.8482,482.601,966629,Very limited,75.1,75.1
12103,Pinellas County,FL,Florida,27.9053,-82.7981,273.793,965870,Not rated,58.5,41.5
48157,Fort Bend County,TX,Texas,29.5266,-95.771,862.089,958434,Very limited,94.4,94.4
36029,Erie County,NY,New York,42.7528,-78.7782,1042.763,950602,Very limited,89.2,89.2
53053,Pierce County,WA,Washington,47.0514,-122.1532,1668.025,941170,,,
17043,DuPage County,IL,Illinois,41.8521,-88.086,327.892,937142,Very limited,97.2,97.2
55079,Milwaukee County,WI,Wisconsin,42.9126,-87.8623,241.457,924740,Very limited,61.4,61.4
06029,Kern County,CA,California,35.3466,-118.7295,8134.673,922529,,,
48215,Hidalgo County,TX,Texas,26.3964,-98.181,1571.217,914820,Somewhat limited,62.4,31
47157,Shelby County,TN,Tennessee,35.1846,-89.8946,752.775,910530,Very limited,77.8,77.8
34023,Middlesex County,NJ,New Jersey,40.4396,-74.4074,309.313,890119,Very limited,81.8,81.8
26099,Macomb County,MI,Michigan,42.6716,-82.9115,479.355,886175,Very limited,93.9,93.9
34013,Essex County,NJ,New Jersey,40.7874,-74.2463,126.082,881527,Very limited,82.9,82.9
25027,Worcester County,MA,Massachusetts,42.3117,-71.9403,1510.67,881248,,,
42091,Montgomery County,PA,Pennsylvania,40.21,-75.3702,482.937,879190,Very limited,70.8,70.8
48141,El Paso County,TX,Texas,31.7665,-106.2415,1013.525,875784,,,
53061,Snohomish County,WA,Washington,48.0549,-121.765,2086.518,864113,,,
12071,Lee County,FL,Florida,26.5633,-81.9842,781.182,860959,Very limited,55.5,55.5
12105,Polk County,FL,Florida,27.9549,-81.6943,1798.466,852878,Very limited,85.9,85.9
24005,Baltimore County,MD,Maryland,39.4432,-76.6166,598.359,852425,Very limited,64.9,64.9
39061,Hamilton County,OH,Ohio,39.1969,-84.5442,405.454,837359,Not rated,47.7,41.6
06111,Ventura County,CA,California,34.3587,-119.1331,1840.78,835427,,,
06075,San Francisco County,CA,California,37.7272,-123.0322,46.685,827526,,,
25009,Essex County,MA,Massachusetts,42.6427,-70.8649,492.514,823938,,,
40109,Oklahoma County,OK,Oklahoma,35.5546,-97.4094,708.9,816490,Very limited,76.8,76.8
06077,San Joaquin County,CA,California,37.935,-121.2722,1392.301,816108,Very limited,88.5,88.5
41051,Multnomah County,OR,Oregon,45.5477,-122.4174,431.012,795897,Very limited,74,74
21111,Jefferson County,KY,Kentucky,38.1895,-85.6576,380.84,793881,Not rated,49.5,44
25025,Suffolk County,MA,Massachusetts,42.3386,-71.0183,58.257,793144,,,
13067,Cobb County,GA,Georgia,33.9399,-84.5741,339.701,787538,Somewhat limited,61.4,32.3
13089,DeKalb County,GA,Georgia,33.7707,-84.2263,267.665,770307,Somewhat limited,38.5,34.3
08041,El Paso County,CO,Colorado,38.8311,-104.5277,2126.424,752772,,,
36055,Monroe County,NY,New York,43.2503,-77.7005,656.967,752202,Very limited,79.4,79.4
48339,Montgomery County,TX,Texas,30.2988,-95.5029,1042.178,749613,Very limited,91.4,91.4
49049,Utah County,UT,Utah,40.1204,-111.6686,2004.46,747234,,,
06081,San Mateo County,CA,California,37.4147,-122.3715,448.603,742893,,,
25021,Norfolk County,MA,Massachusetts,42.1717,-71.1811,396.103,740754,,,
34017,Hudson County,NJ,New Jersey,40.7314,-74.0786,46.193,736185,Very limited,65.9,65.9
47037,Davidson County,TN,Tennessee,36.1691,-86.7848,503.521,729505,Very limited,70.7,70.7
08031,Denver County,CO,Colorado,39.7619,-104.8811,153.074,729019,Not rated,59.3,34.1
48491,Williamson County,TX,Texas,30.6491,-97.6051,1115.869,727480,Very limited,95.7,95.7
29095,Jackson County,MO,Missouri,39.0054,-94.3432,604.52,727362,Very limited,76.3,76.3
17097,Lake County,IL,Illinois,42.186,-87.8059,443.68,718604,Very limited,92.6,92.6
17197,Will County,IL,Illinois,41.4485,-87.9785,835.908,708583,Very limited,96.6,96.6
11001,District of Columbia,DC,District of Columbia,38.9042,-77.0165,61.127,702250,Not rated,58.7,40
40143,Tulsa County,OK,Oklahoma,36.1203,-95.9418,570.242,693514,Very limited,83.7,83.7
44007,Providence County,RI,Rhode Island,41.8698,-71.5786,409.484,675912,,,
26081,Kent County,MI,Michigan,43.0325,-85.5474,849.545,673002,Very limited,89.4,89.4
35001,Bernalillo County,NM,New Mexico,35.0536,-106.6691,1161.245,671747,,,
08005,Arapahoe County,CO,Colorado,39.6446,-104.3317,797.887,666918,Very limited,58.5,58.5
34029,Ocean County,NJ,New Jersey,39.8657,-74.2589,628.291,666434,Very limited,79.2,79.2
01073,Jefferson County,AL,Alabama,33.5534,-86.8965,1111.567,664744,Very limited,50.6,50.6
12101,Pasco County,FL,Florida,28.3047,-82.5024,746.608,659114,Very limited,90.4,90.4
12009,Brevard County,FL,Florida,28.2983,-80.7003,1014.973,658447,Very limited,74.2,74.2
42017,Bucks County,PA,Pennsylvania,40.3369,-75.1071,604.436,650131,Very limited,75.3,75.3
34025,Monmouth County,NJ,New Jersey,40.287,-74.1524,468.204,647520,Very limited,87.4,87.4
09190,Western Connecticut Planning Region,CT,Connecticut,41.2791,-73.4466,532.148,637013,,,
20091,Johnson County,KS,Kansas,38.8839,-94.8223,473.629,632276,Very limited,93.4,93.4
41067,Washington County,OR,Oregon,45.5535,-123.0976,724.272,611272,Very limited,96.7,96.7
12127,Volusia County,FL,Florida,29.0578,-81.1618,1101.222,602772,Very limited,81.6,81.6
24003,Anne Arundel County,MD,Maryland,38.9916,-76.5609,414.808,602350,Very limited,83.8,83.8
31055,Douglas County,NE,Nebraska,41.2971,-96.1541,326.54,601158,Very limited,50.3,50.3
34039,Union County,NJ,New Jersey,40.6599,-74.3087,102.767,594160,Very limited,59.3,59.3
25005,Bristol County,MA,Massachusetts,41.7486,-71.0889,553.118,588593,,,
55025,Dane County,WI,Wisconsin,43.0675,-89.4179,1196.496,588347,Very limited,88.2,88.2
10003,New Castle County,DE,Delaware,39.5759,-75.6441,426.338,588093,Very limited,63.7,63.7
42045,Delaware County,PA,Pennsylvania,39.9167,-75.3988,183.808,584882,Very limited,71.8,71.8
08059,Jefferson County,CO,Colorado,39.5795,-105.2455,764.424,578533,,,
09170,South Central Connecticut Planning Region,CT,Connecticut,41.2902,-72.837,367.252,576718,,,
45045,Greenville County,SC,South Carolina,34.8926,-82.3721,785.944,570745,Very limited,50.2,50.2
24510,Baltimore city,MD,Maryland,39.3,-76.6105,80.946,568271,Not limited,40.5,39.7
42071,Lancaster County,PA,Pennsylvania,40.042,-76.2502,943.924,563293,Very limited,51.1,51.1
42029,Chester County,PA,Pennsylvania,39.974,-75.7498,750.553,560745,Very limited,75.7,75.7
37081,Guilford County,NC,North Carolina,36.0791,-79.7887,645.993,558816,Very limited,62.5,62.5
06099,Stanislaus County,CA,California,37.5623,-121.0028,1496.15,556972,,,
53063,Spokane County,WA,Washington,47.6204,-117.4034,1764.224,555947,Very limited,89.8,89.8
08001,Adams County,CO,Colorado,39.8743,-104.3319,1166.8,542973,Somewhat limited,47.8,41.8
25023,Plymouth County,MA,Massachusetts,41.9872,-70.7419,658.521,542090,Very limited,84,84
27123,Ramsey County,MN,Minnesota,45.0152,-93.1,152.259,542015,Not rated,51.6,42.8
39153,Summit County,OH,Ohio,41.1218,-81.5349,412.686,538370,Very limited,86.2,86.2
39113,Montgomery County,OH,Ohio,39.7537,-84.2906,461.352,537443,Very limited,88.3,88.3
20173,Sedgwick County,KS,Kansas,37.681,-97.4611,997.001,536081,Very limited,82.9,82.9
16001,Ada County,ID,Idaho,43.4515,-116.2444,1052.252,535799,Very limited,87.6,87.6
34007,Camden County,NJ,New Jersey,39.8024,-74.9612,221.365,533988,Very limited,80.7,80.7
53011,Clark County,WA,Washington,45.7717,-122.486,628.509,527269,Very limited,84.3,84.3
34031,Passaic County,NJ,New Jersey,41.0367,-74.2994,186.132,526597,Very limited,82.2,82.2
34027,Morris County,NJ,New Jersey,40.8589,-74.5473,461.027,523053,Very limited,81.6,81.6
17089,Kane County,IL,Illinois,41.9396,-88.428,519.361,520997,Very limited,97.9,97.9
19153,Polk County,IA,Iowa,41.6848,-93.569,572.72,516185,Very limited,63.6,63.6
04021,Pinal County,AZ,Arizona,32.9185,-111.3663,5366.684,513862,,,
32031,Washoe County,NV,Nevada,40.7313,-119.6633,6315.884,507280,,,
47093,Knox County,TN,Tennessee,35.9927,-83.9377,508.325,506748,Very limited,64,64
18089,Lake County,IN,Indiana,41.4722,-87.3743,498.884,502955,Very limited,84.2,84.2
36085,Richmond County,NY,New York,40.5613,-74.1399,57.523,498212,Very limited,76,76
51153,Prince William County,VA,Virginia,38.7011,-77.4796,335.264,497003,Very limited,74.5,74.5
12117,Seminole County,FL,Florida,28.6901,-81.132,309.391,494605,Very limited,74.3,74.3
06097,Sonoma County,CA,California,38.5252,-122.9261,1575.337,485375,Very limited,95.4,95.4
06107,Tulare County,CA,California,36.2288,-118.7811,4823.9,483546,,,
12115,Sarasota County,FL,Florida,27.2235,-82.4248,556.05,476604,Very limited,77.6,77.6
34005,Burlington County,NJ,New Jersey,39.8758,-74.663,799.292,475515,Very limited,96.4,96.4
42133,York County,PA,Pennsylvania,39.9218,-76.7289,904.352,471240,Very limited,78.3,78.3
36067,Onondaga County,NY,New York,43.0065,-76.1961,778.393,469812,Very limited,74.2,74.2
12097,Osceola County,FL,Florida,28.059,-81.1393,1327.455,468058,Very limited,88,88
25013,Hampden County,MA,Massachusetts,42.1362,-72.6356,617.006,464151,,,
09140,Naugatuck Valley Planning Region,CT,Connecticut,41.5189,-73.0879,412.784,462220,,,
12081,Manatee County,FL,Florida,27.4756,-82.3931,742.768,458352,Very limited,90.9,90.9
06095,Solano County,CA,California,38.2672,-121.9396,821.738,455101,Very limited,86.4,86.4
51810,Virginia Beach city,VA,Virginia,36.7795,-76.0291,244.72,454808,Very limited,69,69
27037,Dakota County,MN,Minnesota,44.6709,-93.0625,562.558,453156,Very limited,78.2,78.2
22033,East Baton Rouge Parish,LA,Louisiana,30.5439,-91.0931,455.493,453022,Very limited,85.8,85.8
06083,Santa Barbara County,CA,California,34.5367,-120.0384,2733.941,444500,,,
12069,Lake County,FL,Florida,28.7641,-81.7123,954.01,444204,,,
51107,Loudoun County,VA,Virginia,39.0812,-77.6389,515.746,443380,Very limited,88.2,88.2
42011,Berks County,PA,Pennsylvania,40.414,-75.9269,856.404,439117,Very limited,77.1,77.1
06053,Monterey County,CA,California,36.2401,-121.3156,3281.718,436251,Very limited,91.7,91.7
06061,Placer County,CA,California,39.062,-120.7227,1407.401,433822,,,
48061,Cameron County,TX,Texas,26.1029,-97.479,891.721,431874,Very limited,57.5,57.5
45019,Charleston County,SC,South Carolina,32.8005,-79.9425,918.147,431001,,,
45079,Richland County,SC,South Carolina,34.0291,-80.898,757.309,430651,Very limited,68.9,68.9
33011,Hillsborough County,NH,New Hampshire,42.9115,-71.7231,876.53,430462,,,
12083,Marion County,FL,Florida,29.2028,-82.0431,1588.443,428905,,,
22051,Jefferson Parish,LA,Louisiana,29.5033,-90.0362,300.864,427253,Not rated,58.5,41.5
39095,Lucas County,OH,Ohio,41.6823,-83.4689,339.668,426291,Very limited,81.8,81.8
41005,Clackamas County,OR,Oregon,45.1605,-122.1951,1870.712,425857,,,
29183,St. Charles County,MO,Missouri,38.7811,-90.6749,560.313,423726,Very limited,83.5,83.5
01089,Madison County,AL,Alabama,34.7642,-86.5511,801.619,423355,Very limited,60.7,60.7
55133,Waukesha County,WI,Wisconsin,43.0184,-88.3042,549.727,417029,Very limited,89.2,89.2
12021,Collier County,FL,Florida,26.1188,-81.401,1997.014,416233,,,
45051,Horry County,SC,South Carolina,33.9093,-78.9767,1133.151,413391,Very limited,97.8,97.8
48039,Brazoria County,TX,Texas,29.1678,-95.4346,1363.318,413224,Very limited,85.2,85.2
01097,Mobile County,AL,Alabama,30.6846,-88.1966,1229.382,412339,Very limited,69.9,69.9
36071,Orange County,NY,New York,41.4024,-74.3063,812.079,411767,Very limited,93.8,93.8
26049,Genesee County,MI,Michigan,43.0211,-83.7064,636.946,402279,Very limited,90.6,90.6
05119,Pulaski County,AR,Arkansas,34.7703,-92.313,758.37,401209,Very limited,70.4,70.4
48027,Bell County,TX,Texas,31.037,-97.4796,1053.836,399578,Very limited,88.2,88.2
39017,Butler County,OH,Ohio,39.4397,-84.5657,466.531,399542,Very limited,83.8,83.8
18003,Allen County,IN,Indiana,41.0919,-85.0718,657.146,399295,Very limited,89.6,89.6
37067,Forsyth County,NC,North Carolina,36.1325,-80.257,408.046,398143,Very limited,53.6,53.6
08035,Douglas County,CO,Colorado,39.3254,-104.926,840.888,393995,,,
34021,Mercer County,NJ,New Jersey,40.2825,-74.7037,224.482,392138,Very limited,81.7,81.7
12111,St. Lucie County,FL,Florida,27.3798,-80.4435,571.874,390670,Very limited,88.8,88.8
51041,Chesterfield County,VA,Virginia,37.3784,-77.5858,423.51,389793,Very limited,81.7,81.7
47065,Hamilton County,TN,Tennessee,35.1592,-85.2023,542.165,386256,Very limited,74.4,74.4
42077,Lehigh County,PA,Pennsylvania,40.6142,-75.5906,345.336,385655,Very limited,79.4,79.4
41039,Lane County,OR,Oregon,43.9283,-122.8976,4554.092,382396,,,
18057,Hamilton County,IN,Indiana,40.0535,-86.0217,394.39,379704,Very limited,86.3,86.3
49011,Davis County,UT,Utah,41.0376,-112.2019,324.76,378470,,,
47149,Rutherford County,TN,Tennessee,35.8434,-86.4172,619.548,376996,Very limited,69.3,69.3
27003,Anoka County,MN,Minnesota,45.2741,-93.2427,421.974,376840,Very limited,88.1,88.1
08069,Larimer County,CO,Colorado,40.6581,-105.4868,2595.745,374574,,,
39151,Stark County,OH,Ohio,40.8141,-81.3657,574.94,374091,Very limited,92,92
26161,Washtenaw County,MI,Michigan,42.2522,-83.8434,706.015,373875,Very limited,84.3,84.3
08123,Weld County,CO,Colorado,40.556,-104.3837,3984.963,369745,,,
45083,Spartanburg County,SC,South Carolina,34.932,-81.9916,808.411,369256,Somewhat limited,60.4,37.6
48167,Galveston County,TX,Texas,29.2339,-94.8882,379.413,367407,Very limited,52.3,52.3
22071,Orleans Parish,LA,Louisiana,30.0534,-89.9345,169.578,362701,Not rated,65.8,34.2
34035,Somerset County,NJ,New Jersey,40.5655,-74.6199,301.873,357467,Very limited,94.1,94.1
48355,Nueces County,TX,Texas,27.74,-97.5163,839.374,353125,Very limited,75,75
41047,Marion County,OR,Oregon,44.9009,-122.5763,1180.84,352867,,,
42129,Westmoreland County,PA,Pennsylvania,40.3111,-79.4667,1027.713,350935,Very limited,93.1,93.1
36087,Rockland County,NY,New York,41.1546,-74.0247,173.685,348144,Very limited,75.7,75.7
37063,Durham County,NC,North Carolina,36.0338,-78.8781,287.555,343628,Very limited,64.4,64.4
24027,Howard County,MD,Maryland,39.2523,-76.9244,250.95,339668,Very limited,76.5,76.5
51087,Henrico County,VA,Virginia,37.4375,-77.3003,233.665,338696,Very limited,72.5,72.5
37051,Cumberland County,NC,North Carolina,35.0502,-78.8287,652.566,338430,Very limited,68.7,68.7
09120,Greater Bridgeport Planning Region,CT,Connecticut,41.1846,-73.2094,140.192,335666,,,
12109,St. Johns County,FL,Florida,29.8814,-81.3883,600.663,334928,Very limited,89.1,89.1
31109,Lancaster County,NE,Nebraska,40.7835,-96.6887,837.56,332857,Very limited,98.3,98.3
42079,Luzerne County,PA,Pennsylvania,41.1731,-75.9761,889.807,331379,Very limited,90.9,90.9
12033,Escambia County,FL,Florida,30.53,-87.3203,656.998,331275,Very limited,63.2,63.2
08013,Boulder County,CO,Colorado,40.095,-105.3977,726.416,330262,,,
21067,Fayette County,KY,Kentucky,38.0407,-84.4583,283.854,329437,,,
48303,Lubbock County,TX,Texas,33.6115,-101.8199,895.644,327394,Somewhat limited,58.1,39.5
42095,Northampton County,PA,Pennsylvania,40.7528,-75.3074,369.787,322989,Very limited,77.1,77.1
33015,Rockingham County,NH,New Hampshire,42.9887,-71.0991,695.554,322433,Very limited,88.9,88.9
39093,Lorain County,OH,Ohio,41.4388,-82.1797,490.536,322030,Very limited,96,96
05007,Benton County,AR,Arkansas,36.3378,-94.2563,847.74,321566,Very limited,89.3,89.3
36001,Albany County,NY,New York,42.5882,-73.974,522.888,319964,Very limited,91.3,91.3
17111,McHenry County,IL,Illinois,42.3243,-88.4522,603.403,315959,Very limited,94.6,94.6
23005,Cumberland County,ME,Maine,43.8083,-70.3304,836.231,313809,Very limited,77.9,77.9
45063,Lexington County,SC,South Carolina,33.8923,-81.273,698.548,313774,Very limited,74.8,74.8
34015,Gloucester County,NJ,New Jersey,39.7229,-75.1457,322.009,311783,Very limited,84.9,84.9
29077,Greene County,MO,Missouri,37.2582,-93.3406,675.329,307942,Very limited,89.1,89.1
13051,Chatham County,GA,Georgia,31.9804,-81.0852,432.796,307336,,,
26139,Ottawa County,MI,Michigan,43.055,-86.2193,563.52,306235,Very limited,93.2,93.2
40027,Cleveland County,OK,Oklahoma,35.2064,-97.3231,538.909,303952,Very limited,82.1,82.1
45091,York County,SC,South Carolina,34.9702,-81.1832,680.607,303001,Very limited,55.5,55.5
53067,Thurston County,WA,Washington,46.9358,-122.8302,722.513,302912,,,
12073,Leon County,FL,Florida,30.4593,-84.2778,668.428,300488,Very limited,61.4,61.4
36027,Dutchess County,NY,New York,41.7548,-73.74,795.602,299963,Very limited,86.5,86.5
24021,Frederick County,MD,Maryland,39.4702,-77.3976,660.623,299317,Very limited,74.8,74.8
13063,Clayton County,GA,Georgia,33.5522,-84.413,141.703,297703,,,
06047,Merced County,CA,California,37.1948,-120.7228,1938.02,296774,,,
13057,Cherokee County,GA,Georgia,34.2443,-84.4751,420.956,293513,,,
42043,Dauphin County,PA,Pennsylvania,40.4126,-76.7926,524.87,293029,Very limited,81.8,81.8
48209,Hays County,TX,Texas,30.0612,-98.0293,676.863,292029,,,
12001,Alachua County,FL,Florida,29.6757,-82.3572,875.668,291782,Very limited,75.4,75.4
26065,Ingham County,MI,Michigan,42.6035,-84.3738,556.081,290427,Very limited,90.9,90.9
02020,Anchorage Municipality,AK,Alaska,61.1743,-149.2843,1706.802,289600,,,
27163,Washington County,MN,Minnesota,45.0379,-92.8901,384.762,283960,Very limited,80.2,80.2
17201,Winnebago County,IL,Illinois,42.3374,-89.1612,513.049,283790,Very limited,68.8,68.8
09180,Southeastern Connecticut Planning Region,CT,Connecticut,41.4848,-72.1017,598.139,282602,,,
06079,San Luis Obispo County,CA,California,35.3882,-120.4489,3300.842,281843,,,
53035,Kitsap County,WA,Washington,47.6397,-122.6496,395.087,281420,,,
13117,Forsyth County,GA,Georgia,34.2251,-84.1274,224.617,280096,Somewhat limited,47.4,43
29510,St. Louis city,MO,Missouri,38.6357,-90.2446,61.717,279695,,,
37021,Buncombe County,NC,North Carolina,35.6094,-82.5304,656.49,279210,Very limited,91.3,91.3
34001,Atlantic County,NJ,New Jersey,39.4694,-74.6338,555.583,279114,Very limited,88.1,88.1
22103,St. Tammany Parish,LA,Louisiana,30.41,-89.952,845.308,277615,Very limited,71.6,71.6
49057,Weber County,UT,Utah,41.2703,-111.8769,611.023,276118,,,
42041,Cumberland County,PA,Pennsylvania,40.1648,-77.2634,545.483,275516,Very limited,60.9,60.9
55009,Brown County,WI,Wisconsin,44.474,-87.9961,530.096,273909,Very limited,76.7,76.7
18141,St. Joseph County,IN,Indiana,41.6177,-86.288,457.781,273744,Very limited,82.4,82.4
48479,Webb County,TX,Texas,27.7608,-99.3408,3361.498,272823,Very limited,78.4,78.4
10005,Sussex County,DE,Delaware,38.6732,-75.337,936.146,271134,Very limited,74,74
48309,McLennan County,TX,Texas,31.5496,-97.2015,1036.706,270358,Very limited,93,93
47187,Williamson County,TN,Tennessee,35.8948,-86.8979,582.911,269136,Very limited,83.5,83.5
42049,Erie County,PA,Pennsylvania,42.118,-80.0964,798.904,267750,Very limited,94.4,94.4
16027,Canyon County,ID,Idaho,43.6258,-116.7091,587.049,266892,,,
05143,Washington County,AR,Arkansas,35.978,-94.2173,941.465,266184,Very limited,86.3,86.3
24025,Harford County,MD,Maryland,39.5374,-76.2998,437.125,265514,,,
26077,Kalamazoo County,MI,Michigan,42.2463,-85.5329,561.959,264780,Very limited,84.5,84.5
45015,Berkeley County,SC,South Carolina,33.2077,-79.9537,1103.61,264276,Very limited,87.9,87.9
37179,Union County,NC,North Carolina,34.9918,-80.5304,632.739,263386,Very limited,71.5,71.5
29047,Clay County,MO,Missouri,39.3156,-94.4215,397.658,263370,Very limited,87.4,87.4
17119,Madison County,IL,Illinois,38.8271,-89.9002,715.522,263017,Very limited,85.5,85.5
06087,Santa Cruz County,CA,California,37.0123,-122.0078,445.106,262406,Very limited,97.8,97.8
01003,Baldwin County,AL,Alabama,30.6592,-87.7461,1589.943,261608,Very limited,83.5,83.5
13151,Henry County,GA,Georgia,33.4529,-84.154,318.715,259315,,,
53077,Yakima County,WA,Washington,46.4566,-120.7401,4294.512,258523,,,
06041,Marin County,CA,California,38.0514,-122.7464,520.141,256400,Very limited,72.9,72.9
39165,Warren County,OH,Ohio,39.4257,-84.1699,401.415,256059,Very limited,87.9,87.9
51550,Chesapeake city,VA,Virginia,36.6794,-76.3018,338.456,254997,Very limited,88.9,88.9
22055,Lafayette Parish,LA,Louisiana,30.2065,-92.0642,268.833,254241,Very limited,79.9,79.9
48245,Jefferson County,TX,Texas,29.854,-94.1493,876.736,253948,,,
04025,Yavapai County,AZ,Arizona,34.6311,-112.5772,8122.932,252013,,,
17163,St. Clair County,IL,Illinois,38.4702,-89.9285,657.748,251149,Very limited,83.7,83.7
37101,Johnston County,NC,North Carolina,35.5134,-78.3673,792.017,249794,Very limited,62.7,62.7
48041,Brazos County,TX,Texas,30.6567,-96.3024,586.15,249624,Very limited,96.5,96.5
48423,Smith County,TX,Texas,32.3751,-95.2689,921.495,249091,Very limited,69.6,69.6
47125,Montgomery County,TN,Tennessee,36.5004,-87.3809,539.169,246025,Very limited,63.6,63.6
37025,Cabarrus County,NC,North Carolina,35.3883,-80.5527,361.246,244925,Very limited,67.5,67.5
37129,New Hanover County,NC,North Carolina,34.1834,-77.8642,192.27,243333,Very limited,81.2,81.2
37071,Gaston County,NC,North Carolina,35.2928,-81.1774,355.751,242010,Somewhat limited,54.9,36.5
01125,Tuscaloosa County,AL,Alabama,33.2902,-87.5228,1320.863,241212,Very limited,84,84
36091,Saratoga County,NY,New York,43.1061,-73.8554,809.97,240360,Very limited,89,89
51013,Arlington County,VA,Virginia,38.8783,-77.1007,25.997,239807,Not rated,73.5,16.2
39041,Delaware County,OH,Ohio,40.2789,-83.0075,443.149,237966,Very limited,91.6,91.6
12019,Clay County,FL,Florida,29.9866,-81.865,604.598,236760,Very limited,88.1,88.1
01117,Shelby County,AL,Alabama,33.2669,-86.661,785.455,235969,Very limited,79.4,79.4
53073,Whatcom County,WA,Washington,48.8427,-121.8364,2107.928,234954,,,
51760,Richmond city,VA,Virginia,37.5314,-77.476,59.925,233655,Not rated,42.6,35.9
25001,Barnstable County,MA,Massachusetts,41.7061,-70.1648,394.185,232570,Very limited,76.8,76.8
48139,Ellis County,TX,Texas,32.3469,-96.7969,935.801,232387,Very limited,95.7,95.7
39085,Lake County,OH,Ohio,41.7781,-81.1973,229.395,232360,Very limited,93.9,93.9
29099,Jefferson County,MO,Missouri,38.2576,-90.5437,656.042,231888,Very limited,91.6,91.6
19113,Linn County,IA,Iowa,42.078,-91.5977,717.013,231762,Very limited,89.8,89.8
51710,Norfolk city,VA,Virginia,36.923,-76.2446,53.275,231105,,,
35013,Doña Ana County,NM,New Mexico,32.3499,-106.835,3808.179,229366,,,
36065,Oneida County,NY,New York,43.2427,-75.4343,1212.442,228347,Very limited,88.2,88.2
04015,Mohave County,AZ,Arizona,35.7177,-113.7497,13332.121,226479,,,
01101,Montgomery County,AL,Alabama,32.2029,-86.2045,785.355,225894,Very limited,93.4,93.4
39099,Mahoning County,OH,Ohio,41.0109,-80.7704,411.521,225786,Very limited,91,91
06113,Yolo County,CA,California,38.6796,-121.9027,1012.988,225251,Very limited,96.1,96.1
22017,Caddo Parish,LA,Louisiana,32.5801,-93.885,879.535,224893,Very limited,74.4,74.4
13139,Hall County,GA,Georgia,34.3176,-83.8185,392.508,221745,,,
41029,Jackson County,OR,Oregon,42.4116,-122.6756,2783.255,221331,,,
12091,Okaloosa County,FL,Florida,30.6143,-86.5911,929.833,220483,Very limited,76.2,76.2
04027,Yuma County,AZ,Arizona,32.7739,-113.9109,5513.82,220310,,,
23031,York County,ME,Maine,43.426,-70.6684,991.194,220143,Very limited,92.9,92.9
53005,Benton County,WA,Washington,46.2281,-119.5167,1700.128,218190,,,
12053,Hernando County,FL,Florida,28.556,-82.526,472.983,218150,Very limited,90.1,90.1
45007,Anderson County,SC,South Carolina,34.5212,-82.6386,713.854,217183,Somewhat limited,71.9,21.6
42069,Lackawanna County,PA,Pennsylvania,41.4366,-75.6088,458.888,216859,Very limited,85,85
39025,Clermont County,OH,Ohio,39.0521,-84.1495,452.56,214123,Very limited,92,92
28047,Harrison County,MS,Mississippi,30.4165,-89.0834,573.65,213730,Very limited,84.8,84.8
37133,Onslow County,NC,North Carolina,34.7631,-77.4995,762.085,212954,Very limited,79.5,79.5
17019,Champaign County,IL,Illinois,40.139,-88.197,996.104,212374,Very limited,99.2,99.2
12015,Charlotte County,FL,Florida,26.9064,-82.0036,681.149,212122,Very limited,73.8,73.8
28049,Hinds County,MS,Mississippi,32.2678,-90.466,869.845,211975,Very limited,85.8,85.8
47165,Sumner County,TN,Tennessee,36.4724,-86.4584,529.453,211721,Very limited,71.6,71.6
41017,Deschutes County,OR,Oregon,43.9151,-121.2256,3017.61,211535,,,
48251,Johnson County,TX,Texas,32.3797,-97.3649,725.062,210547,Very limited,91.6,91.6
42125,Washington County,PA,Pennsylvania,40.2,-80.2521,857.01,210434,,,
15001,Hawaii County,HI,Hawaii,19.5978,-155.5024,4028.431,209790,,,
36063,Niagara County,NY,New York,43.2727,-78.8129,522.348,209570,,,
46099,Minnehaha County,SD,South Dakota,43.6675,-96.7957,806.86,208639,Very limited,74.2,74.2
06007,Butte County,CA,California,39.6653,-121.6032,1636.511,208334,,,
49053,Washington County,UT,Utah,37.2625,-113.4878,2427.589,207943,,,
12113,Santa Rosa County,FL,Florida,30.6753,-87.0189,1012.402,207653,Very limited,57.8,57.8
18039,Elkhart County,IN,Indiana,41.6007,-85.864,463.158,207436,Very limited,86.6,86.6
22019,Calcasieu Parish,LA,Louisiana,30.2296,-93.358,1064.189,206861,Very limited,91.6,91.6
37097,Iredell County,NC,North Carolina,35.8063,-80.8745,574.471,206361,Somewhat limited,49.5,41.5
13245,Richmond County,GA,Georgia,33.3615,-82.075,324.36,206303,Somewhat limited,47,42.8
31153,Sarpy County,NE,Nebraska,41.1151,-96.1091,238.005,204828,Very limited,72.2,72.2
13215,Muscogee County,GA,Georgia,32.5102,-84.8749,216.5,201830,Very limited,50.4,50.4
45013,Beaufort County,SC,South Carolina,32.3581,-80.6894,576.022,201775,Very limited,83.4,83.4
48091,Comal County,TX,Texas,29.8124,-98.2581,559.537,201628,,,
38017,Cass County,ND,North Dakota,46.927,-97.2524,1764.935,200945,Very limited,83.8,83.8
27137,St. Louis County,MN,Minnesota,47.5786,-92.5146,6248.121,200794,,,
39155,Trumbull County,OH,Ohio,41.3064,-80.7704,617.592,200300,Very limited,89.1,89.1
12005,Bay County,FL,Florida,30.1591,-85.5344,758.62,199718,Very limited,77.7,77.7
42019,Butler County,PA,Pennsylvania,40.9138,-79.919,789.482,199341,Very limited,96.5,96.5
55101,Racine County,WI,Wisconsin,42.7804,-87.7716,332.614,198651,Very limited,93.9,93.9
48257,Kaufman County,TX,Texas,32.5989,-96.2884,780.714,197829,,,
26093,Livingston County,MI,Michigan,42.6025,-83.9117,565.29,196976,Very limited,93.3,93.3
36007,Broome County,NY,New York,42.162,-75.8303,705.651,196397,Very limited,98.2,98.2
28033,DeSoto County,MS,Mississippi,34.8749,-89.9912,476.394,195871,Very limited,85.5,85.5
55087,Outagamie County,WI,Wisconsin,44.4182,-88.465,637.557,195390,Very limited,90.4,90.4
48187,Guadalupe County,TX,Texas,29.5827,-97.949,711.252,195166,Very limited,94.5,94.5
17167,Sangamon County,IL,Illinois,39.7569,-89.6624,868.23,194345,Very limited,72.9,72.9
06017,El Dorado County,CA,California,38.7856,-120.5342,1707.842,192823,,,
10001,Kent County,DE,Delaware,39.0971,-75.503,586.061,192690,Very limited,67.1,67.1
29019,Boone County,MO,Missouri,38.9899,-92.3102,685.556,192154,Very limited,95.6,95.6
18157,Tippecanoe County,IN,Indiana,40.3891,-86.8936,498.896,191650,Very limited,89.5,89.5
18063,Hendricks County,IN,Indiana,39.769,-86.5099,406.894,190629,Very limited,93,93
13223,Paulding County,GA,Georgia,33.921,-84.8672,312.385,188549,Very limited,59.3,59.3
16055,Kootenai County,ID,Idaho,47.676,-116.6959,1237.793,188323,,,
01081,Lee County,AL,Alabama,32.6041,-85.353,607.558,187847,Somewhat limited,71.3,26.7
26145,Saginaw County,MI,Michigan,43.3283,-84.0554,800.807,187714,Very limited,95.6,95.6
39089,Licking County,OH,Ohio,40.0915,-82.4834,682.43,184898,Very limited,94.4,94.4
39103,Medina County,OH,Ohio,41.1162,-81.8998,421.459,184625,Very limited,96.6,96.6
48329,Midland County,TX,Texas,31.8143,-102.0025,900.358,183587,Very limited,62.1,62.1
51700,Newport News city,VA,Virginia,37.0761,-76.522,68.996,183056,,,
37001,Alamance County,NC,North Carolina,36.044,-79.4006,423.465,183040,Very limited,61.3,61.3
36111,Ulster County,NY,New York,41.9472,-74.2655,1124.236,182977,Very limited,89.6,89.6
40017,Canadian County,OK,Oklahoma,35.5434,-97.9799,896.579,181760,Very limited,61.5,61.5
06025,Imperial County,CA,California,33.0408,-115.3554,4175.453,181724,,,
06089,Shasta County,CA,California,40.7605,-122.0436,3775.651,181121,,,
37147,Pitt County,NC,North Carolina,35.5925,-77.3727,652.366,180783,Very limited,86,86
18163,Vanderburgh County,IN,Indiana,38.0201,-87.5862,233.402,180387,Very limited,85,85
48367,Parker County,TX,Texas,32.7771,-97.8059,903.74,179707,Very limited,75.2,75.2
17143,Peoria County,IL,Illinois,40.786,-89.767,618.695,179630,Very limited,61.1,61.1
45003,Aiken County,SC,South Carolina,33.55,-81.633,1070.676,179245,,,
20177,Shawnee County,KS,Kansas,39.0418,-95.7557,544.012,177942,Very limited,91.4,91.4
37057,Davidson County,NC,North Carolina,35.7951,-80.2071,552.989,177809,Very limited,60.4,60.4
09130,Lower Connecticut River Valley Planning Region,CT,Connecticut,41.4203,-72.4935,424.121,177540,,,
26121,Muskegon County,MI,Michigan,43.4287,-86.4209,503.921,177428,Very limited,91.8,91.8
24013,Carroll County,MD,Maryland,39.5633,-77.0153,447.615,177108,Very limited,75.8,75.8
18127,Porter County,IN,Indiana,41.5099,-87.0713,418.113,175860,Very limited,86.2,86.2
19163,Scott County,IA,Iowa,41.6421,-90.6223,458.101,175601,Very limited,90,90
13153,Houston County,GA,Georgia,32.4581,-83.6623,376.156,174897,,,
21117,Kenton County,KY,Kentucky,38.9305,-84.5334,160.375,174862,,,
45035,Dorchester County,SC,South Carolina,33.0822,-80.4047,568.393,174663,Very limited,95.3,95.3
24017,Charles County,MD,Maryland,38.4729,-77.0154,457.819,174478,Very limited,88.8,88.8
54039,Kanawha County,WV,West Virginia,38.3281,-81.5235,901.738,173906,Very limited,91.9,91.9
55139,Winnebago County,WI,Wisconsin,44.0857,-88.6681,434.697,173307,Very limited,70.4,70.4
44003,Kent County,RI,Rhode Island,41.6751,-71.5803,168.568,172450,,,
39057,Greene County,OH,Ohio,39.6875,-83.8949,413.632,172347,Very limited,96.7,96.7
12061,Indian River County,FL,Florida,27.7005,-80.5748,502.555,172139,Very limited,90.7,90.7
17113,McLean County,IL,Illinois,40.4946,-88.8445,1183.248,172069,Very limited,90.7,90.7
30111,Yellowstone County,MT,Montana,45.937,-108.2767,2633.402,171583,Very limited,73.9,73.9
50007,Chittenden County,VT,Vermont,44.4638,-73.0671,536.87,170851,Very limited,78.2,78.2
18081,Johnson County,IN,Indiana,39.4961,-86.0943,320.415,170614,Very limited,92.2,92.2
12017,Citrus County,FL,Florida,28.8503,-82.5956,582.031,170174,Very limited,84.1,84.1
48135,Ector County,TX,Texas,31.8653,-102.5425,897.884,170022,,,
47189,Wilson County,TN,Tennessee,36.1494,-86.2912,571.088,169948,Very limited,85.2,85.2
08101,Pueblo County,CO,Colorado,38.1628,-104.4847,2386.552,169866,,,
20209,Wyandotte County,KS,Kansas,39.1154,-94.7631,151.638,169418,Very limited,73.4,73.4
51179,Stafford County,VA,Virginia,38.4231,-77.458,268.489,168919,Very limited,74.9,74.9
55059,Kenosha County,WI,Wisconsin,42.5875,-87.88,271.833,168754,Very limited,91.1,91.1
39045,Fairfield County,OH,Ohio,39.7477,-82.6267,504.365,167762,Very limited,93.9,93.9
13073,Columbia County,GA,Georgia,33.5521,-82.2496,290.194,167472,,,
37019,Brunswick County,NC,North Carolina,34.0388,-78.2278,849.49,167112,Very limited,89.4,89.4
37035,Catawba County,NC,North Carolina,35.6619,-81.2149,401.375,167054,Somewhat limited,61.2,35.2
42089,Monroe County,PA,Pennsylvania,41.0562,-75.3291,608.361,166523,Very limited,92.1,92.1
27109,Olmsted County,MN,Minnesota,43.9997,-92.4102,653.509,166424,Very limited,91.5,91.5
12085,Martin County,FL,Florida,27.0836,-80.3982,543.873,165666,Very limited,76,76
42007,Beaver County,PA,Pennsylvania,40.6841,-80.3507,434.695,165540,Very limited,83.7,83.7
55105,Rock County,WI,Wisconsin,42.6699,-89.0753,718.168,165461,Very limited,87.5,87.5
06039,Madera County,CA,California,37.2098,-119.7498,2136.709,165432,,,
25015,Hampshire County,MA,Massachusetts,42.3395,-72.6637,527.236,165399,,,
27145,Stearns County,MN,Minnesota,45.5552,-94.6105,1342.883,163997,Very limited,91.2,91.2
39133,Portage County,OH,Ohio,41.169,-81.197,487.454,163839,Very limited,94.3,94.3
15009,Maui County,HI,Hawaii,20.8559,-156.6016,1161.54,163688,,,
47163,Sullivan County,TN,Tennessee,36.5097,-82.3013,413.545,162703,Very limited,80.9,80.9
36093,Schenectady County,NY,New York,42.8176,-74.0436,204.681,162261,Very limited,96.2,96.2
08077,Mesa County,CO,Colorado,39.0195,-108.4606,3328.721,161260,,,
36083,Rensselaer County,NY,New York,42.7104,-73.5138,652.459,160749,Very limited,93.6,93.6
28121,Rankin County,MS,Mississippi,32.2671,-89.9461,775.501,160573,Very limited,93.6,93.6
26147,St. Clair County,MI,Michigan,42.9288,-82.6689,721.522,160308,Very limited,95.4,95.4
26075,Jackson County,MI,Michigan,42.2485,-84.4209,701.905,160233,Very limited,75.4,75.4
19103,Johnson County,IA,Iowa,41.6707,-91.5905,612.997,160080,Very limited,96.8,96.8
42027,Centre County,PA,Pennsylvania,40.9093,-77.8477,1107.259,159805,Very limited,81.7,81.7
42055,Franklin County,PA,Pennsylvania,39.9268,-77.7245,772.279,159285,Very limited,70.4,70.4
51510,Alexandria city,VA,Virginia,38.8193,-77.0837,14.935,159102,Very limited,51,51
13077,Coweta County,GA,Georgia,33.3529,-84.7621,441.016,158233,,,
22073,Ouachita Parish,LA,Louisiana,32.4809,-92.1516,610.145,157874,Very limited,67.6,67.6
33013,Merrimack County,NH,New Hampshire,43.2996,-71.68,932.851,157869,,,
35049,Santa Fe County,NM,New Mexico,35.5145,-105.964,1910.38,157765,,,
35043,Sandoval County,NM,New Mexico,35.6851,-106.8831,3710.194,157757,,,
24043,Washington County,MD,Maryland,39.6036,-77.8147,457.789,157228,Very limited,55.9,55.9
27139,Scott County,MN,Minnesota,44.6518,-93.5337,356.081,157206,Very limited,90,90
13021,Bibb County,GA,Georgia,32.809,-83.6941,249.383,157056,Very limited,56.6,56.6
23019,Penobscot County,ME,Maine,45.4093,-68.6666,3397.185,156840,,,
26115,Monroe County,MI,Michigan,41.9161,-83.4871,549.358,156045,Very limited,96,96
34011,Cumberland County,NJ,New Jersey,39.3284,-75.1216,483.38,155678,Very limited,61.5,61.5
06031,Kings County,CA,California,36.0725,-119.8155,1390.972,154913,Very limited,77.3,77.3
12119,Sumter County,FL,Florida,28.7133,-82.0696,557.136,154693,Very limited,89.6,89.6
27171,Wright County,MN,Minnesota,45.1749,-93.9665,661.159,154593,Very limited,88.4,88.4
37159,Rowan County,NC,North Carolina,35.6414,-80.5217,511.61,153384,Very limited,50,50
22063,Livingston Parish,LA,Louisiana,30.4404,-90.7275,648.14,152886,Very limited,90.2,90.2
37135,Orange County,NC,North Carolina,36.0625,-79.12,397.591,152877,Somewhat limited,65,32.8
26021,Berrien County,MI,Michigan,41.7914,-86.7425,567.845,152703,Very limited,85.5,85.5
51177,Spotsylvania County,VA,Virginia,38.1824,-77.6572,401.942,152021,Very limited,50.9,50.9
13097,Douglas County,GA,Georgia,33.7012,-84.7673,200.136,151887,Very limited,51.2,51.2
48381,Randall County,TX,Texas,34.9625,-101.8955,912.711,150547,Very limited,78.5,78.5
48181,Grayson County,TX,Texas,33.6245,-96.6758,932.832,150532,Very limited,87.4,87.4
48441,Taylor County,TX,Texas,32.2971,-99.8904,915.536,148813,Very limited,91,91
37151,Randolph County,NC,North Carolina,35.7099,-79.8062,782.336,148389,Very limited,58.3,58.3
21227,Warren County,KY,Kentucky,36.9956,-86.4236,541.744,147936,Very limited,57,57
34037,Sussex County,NJ,New Jersey,41.1375,-74.6919,518.493,147444,Very limited,83,83
28059,Jackson County,MS,Mississippi,30.456,-88.6251,722.825,147002,Very limited,75.5,75.5
37085,Harnett County,NC,North Carolina,35.3687,-78.8717,595.099,146096,Very limited,67.7,67.7
49005,Cache County,UT,Utah,41.7341,-111.7454,1164.687,145487,,,
42075,Lebanon County,PA,Pennsylvania,40.3714,-76.4648,361.835,145319,Very limited,64.8,64.8
04005,Coconino County,AZ,Arizona,35.8297,-111.7737,18616.366,145161,,,
42107,Schuylkill County,PA,Pennsylvania,40.7037,-76.2178,778.772,144523,Very limited,92.3,92.3
21015,Boone County,KY,Kentucky,38.9589,-84.7364,246.273,144135,,,
17093,Kendall County,IL,Illinois,41.5881,-88.4306,320.243,143171,Very limited,98.6,98.6
17161,Rock Island County,IL,Illinois,41.4684,-90.5721,427.497,142731,Very limited,55.4,55.4
47009,Blount County,TN,Tennessee,35.6882,-83.923,558.844,142211,,,
18105,Monroe County,IN,Indiana,39.1607,-86.5233,394.523,140702,Very limited,73.4,73.4
22105,Tangipahoa Parish,LA,Louisiana,30.6213,-90.4065,791.18,139823,Very limited,84.4,84.4
47179,Washington County,TN,Tennessee,36.2957,-82.495,326.548,139642,Very limited,63,63
55073,Marathon County,WI,Wisconsin,44.898,-89.7578,1545.249,139091,Very limited,85.6,85.6
55131,Washington County,WI,Wisconsin,43.3912,-88.2329,430.644,138727,Very limited,83.7,83.7
45077,Pickens County,SC,South Carolina,34.8854,-82.7234,496.95,138207,Very limited,67,67
45041,Florence County,SC,South Carolina,34.0285,-79.7102,800.454,138049,Very limited,82,82
51650,Hampton city,VA,Virginia,37.048,-76.2973,51.464,137596,,,
48397,Rockwall County,TX,Texas,32.9003,-96.412,127.229,137044,,,
12035,Flagler County,FL,Florida,29.4749,-81.2863,486.191,136744,Very limited,93.3,93.3
54003,Berkeley County,WV,West Virginia,39.4479,-78.0378,321.131,136287,Very limited,74.4,74.4
39023,Clark County,OH,Ohio,39.917,-83.7837,395.879,134985,Very limited,81.3,81.3
18095,Madison County,IN,Indiana,40.1662,-85.7225,451.921,134222,Very limited,96.2,96.2
33017,Strafford County,NH,New Hampshire,43.2933,-71.0356,367.479,134202,Very limited,90.3,90.3
26025,Calhoun County,MI,Michigan,42.243,-85.0124,706.259,133785,Very limited,93.1,93.1
16019,Bonneville County,ID,Idaho,43.3952,-111.6219,1865.96,133644,,,
22005,Ascension Parish,LA,Louisiana,30.2064,-90.9125,290.003,133534,Very limited,93.1,93.1
39173,Wood County,OH,Ohio,41.3602,-83.6227,617.167,133077,Very limited,97.2,97.2
53057,Skagit County,WA,Washington,48.4933,-121.8158,1730.232,132736,,,
06055,Napa County,CA,California,38.5071,-122.3259,751.976,132727,Very limited,90.7,90.7
41043,Linn County,OR,Oregon,44.4889,-122.5372,2289.508,132474,,,
06023,Humboldt County,CA,California,40.7067,-123.9262,3568.025,132380,,,
19013,Black Hawk County,IA,Iowa,42.4711,-92.3076,565.773,132348,Very limited,91.2,91.2
34019,Hunterdon County,NJ,New Jersey,40.5653,-74.912,427.835,131708,Very limited,87.4,87.4
05045,Faulkner County,AR,Arkansas,35.1465,-92.3369,647.247,131611,Very limited,93.9,93.9
05125,Saline County,AR,Arkansas,34.6485,-92.6745,723.516,131252,Very limited,91.8,91.8
22015,Bossier Parish,LA,Louisiana,32.6985,-93.6266,839.621,131102,Very limited,83.2,83.2
44009,Washington County,RI,Rhode Island,41.3968,-71.6203,329.279,130333,,,
42021,Cambria County,PA,Pennsylvania,40.5102,-78.7105,687.963,130108,Very limited,95.4,95.4
05131,Sebastian County,AR,Arkansas,35.197,-94.275,531.184,130035,Very limited,93.7,93.7
13059,Clarke County,GA,Georgia,33.9522,-83.3672,119.3,129995,,,
48485,Wichita County,TX,Texas,33.9882,-98.708,627.593,129984,Very limited,90.3,90.3
13045,Carroll County,GA,Georgia,33.5822,-85.0805,499.116,129911,,,
17179,Tazewell County,IL,Illinois,40.5081,-89.5163,646.486,129821,Very limited,76.8,76.8
25003,Berkshire County,MA,Massachusetts,42.3715,-73.2179,926.874,128726,Very limited,90.6,90.6
23011,Kennebec County,ME,Maine,44.417,-69.7658,867.507,128461,Very limited,82.7,82.7
18019,Clark County,IN,Indiana,38.4762,-85.7111,372.49,127479,Very limited,73.3,73.3
30031,Gallatin County,MT,Montana,45.5181,-111.1639,2605.354,126984,,,
48183,Gregg County,TX,Texas,32.4864,-94.8163,273.38,126679,,,
29097,Jasper County,MO,Missouri,37.2052,-94.3373,638.506,126479,Very limited,80.3,80.3
01103,Morgan County,AL,Alabama,34.4545,-86.8464,579.677,126084,Very limited,77.5,77.5
22079,Rapides Parish,LA,Louisiana,31.1932,-92.536,1324.08,125899,Very limited,78.9,78.9
04003,Cochise County,AZ,Arizona,31.8401,-109.7752,6209.872,125773,,,
13113,Fayette County,GA,Georgia,33.4127,-84.4939,194.695,125107,,,
39139,Richland County,OH,Ohio,40.7742,-82.5428,495.227,124853,Very limited,96.4,96.4
36013,Chautauqua County,NY,New York,42.3042,-79.4076,1060.41,124105,Very limited,95.5,95.5
13217,Newton County,GA,Georgia,33.5528,-83.8514,273.814,124010,,,
42051,Fayette County,PA,Pennsylvania,39.9189,-79.6403,790.758,123941,Very limited,95.7,95.7
30063,Missoula County,MT,Montana,47.0273,-113.8927,2593.01,122546,,,
26005,Allegan County,MI,Michigan,42.4213,-86.2614,825.43,122429,Very limited,94,94
13185,Lowndes County,GA,Georgia,30.8331,-83.269,497.25,122082,Very limited,96.5,96.5
20045,Douglas County,KS,Kansas,38.8964,-95.2909,455.765,121989,Very limited,93.5,93.5
40031,Comanche County,OK,Oklahoma,34.6626,-98.4766,1069.322,121396,Very limited,80.1,80.1
55063,La Crosse County,WI,Wisconsin,43.9082,-91.1118,451.806,121060,Very limited,82.5,82.5
35045,San Juan County,NM,New Mexico,36.5116,-108.3246,5517.23,120817,,,
37089,Henderson County,NC,North Carolina,35.3364,-82.4796,372.949,120771,Very limited,93.4,93.4
37191,Wayne County,NC,North Carolina,35.3542,-78.0087,553.922,120338,Very limited,65.1,65.1
42013,Blair County,PA,Pennsylvania,40.4987,-78.3096,525.067,120269,Very limited,82.4,82.4
48451,Tom Green County,TX,Texas,31.3976,-100.4642,1522.32,120103,Very limited,93,93
01083,Limestone County,AL,Alabama,34.8102,-86.9814,563.398,118942,Very limited,57,57
48231,Hunt County,TX,Texas,33.1233,-96.0842,840.424,118729,Very limited,94.4,94.4
37155,Robeson County,NC,North Carolina,34.6392,-79.1009,947.302,118624,Very limited,73.4,73.4
55117,Sheboygan County,WI,Wisconsin,43.7387,-87.7315,511.519,118331,Very limited,88.3,88.3
36075,Oswego County,NY,New York,43.4614,-76.2093,951.62,118305,Very limited,90.8,90.8
02170,Matanuska-Susitna Borough,AK,Alaska,62.2656,-149.504,24707.115,117613,,,
13015,Bartow County,GA,Georgia,34.2409,-84.8382,458.912,117508,Very limited,65.5,65.5
51003,Albemarle County,VA,Virginia,38.0242,-78.5535,720.477,117313,Very limited,68.2,68.2
39169,Wayne County,OH,Ohio,40.8297,-81.8872,555.017,116632,Very limited,91.1,91.1
24037,St. Mary's County,MD,Maryland,38.2231,-76.5345,358.589,116469,Very limited,85.7,85.7
01015,Calhoun County,AL,Alabama,33.7705,-85.8279,605.894,116427,Very limited,78.8,78.8
46103,Pennington County,SD,South Dakota,44.0023,-102.8238,2776.765,115979,,,
05031,Craighead County,AR,Arkansas,35.8277,-90.6314,707.167,115852,Very limited,98.8,98.8
19049,Dallas County,IA,Iowa,41.6853,-94.0407,588.23,115343,Very limited,65.1,65.1
51085,Hanover County,VA,Virginia,37.7602,-77.4913,467.61,115309,Very limited,70.4,70.4
23001,Androscoggin County,ME,Maine,44.1677,-70.2074,467.956,115272,,,
48291,Liberty County,TX,Texas,30.1585,-94.8441,1158.482,115042,Very limited,98.4,98.4
48021,Bastrop County,TX,Texas,30.1008,-97.3106,888.226,114931,Very limited,79.5,79.5
48375,Potter County,TX,Texas,35.3987,-101.8938,908.401,114649,Very limited,56.6,56.6
30029,Flathead County,MT,Montana,48.2954,-114.0521,5087.304,114527,,,
28089,Madison County,MS,Mississippi,32.6344,-90.0342,714.212,114247,Very limited,93.7,93.7
09160,Northwest Hills Planning Region,CT,Connecticut,41.8548,-73.2215,786.642,114101,,,
53015,Cowlitz County,WA,Washington,46.1968,-122.6785,1141.176,113982,Very limited,85.7,85.7
29037,Cass County,MO,Missouri,38.6465,-94.3545,696.618,113873,Very limited,98.6,98.6
47011,Bradley County,TN,Tennessee,35.1539,-84.8594,328.762,113782,Very limited,76.9,76.9
47119,Maury County,TN,Tennessee,35.6157,-87.0778,613.083,113411,Very limited,70.8,70.8
42081,Lycoming County,PA,Pennsylvania,41.3439,-77.0553,1228.92,113236,Very limited,91.6,91.6
29165,Platte County,MO,Missouri,39.3787,-94.7615,419.823,113207,Very limited,84.1,84.1
36045,Jefferson County,NY,New York,43.9964,-76.053,1267.932,113140,Very limited,89.8,89.8
36069,Ontario County,NY,New York,42.8564,-77.3035,644.025,113012,Very limited,83.6,83.6
18035,Delaware County,IN,Indiana,40.2275,-85.3993,392.109,112951,Very limited,93.8,93.8
21093,Hardin County,KY,Kentucky,37.6958,-85.9632,623.909,112826,,,
27019,Carver County,MN,Minnesota,44.8213,-93.8001,353.878,112628,Very limited,93,93
41019,Douglas County,OR,Oregon,43.2863,-123.1545,5035.755,112255,,,
34041,Warren County,NJ,New Jersey,40.8535,-75.0095,356.541,112031,Very limited,84.4,84.4
39109,Miami County,OH,Ohio,40.0533,-84.2284,406.581,111950,Very limited,98.6,98.6
45057,Lancaster County,SC,South Carolina,34.6868,-80.7037,549.172,111652,Very limited,56.6,56.6
18091,LaPorte County,IN,Indiana,41.549,-86.7447,598.288,111348,Very limited,92.5,92.5
41071,Yamhill County,OR,Oregon,45.2478,-123.3164,715.938,110886,Very limited,97,97
13297,Walton County,GA,Georgia,33.7839,-83.7318,326.82,109792,Somewhat limited,76,22
12055,Highlands County,FL,Florida,27.3411,-81.3424,1017.67,109778,Very limited,91.4,91.4
04017,Navajo County,AZ,Arizona,35.3908,-110.321,9949.496,109516,,,
26045,Eaton County,MI,Michigan,42.5895,-84.8465,575.21,109494,Very limited,98.1,98.1
01069,Houston County,AL,Alabama,31.1582,-85.2964,579.828,109366,Very limited,74.4,74.4
55035,Eau Claire County,WI,Wisconsin,44.7264,-91.2864,637.922,108830,Very limited,89.7,89.7
54061,Monongalia County,WV,West Virginia,39.6336,-80.0591,360.094,108697,,,
37125,Moore County,NC,North Carolina,35.3083,-79.4927,697.627,108417,Very limited,57.2,57.2
17099,LaSalle County,IL,Illinois,41.3433,-88.8859,1135.117,108390,Very limited,94.4,94.4
42085,Mercer County,PA,Pennsylvania,41.3,-80.2528,672.538,108140,Very limited,97,97
42001,Adams County,PA,Pennsylvania,39.8694,-77.2177,518.576,107914,Very limited,84.6,84.6
19193,Woodbury County,IA,Iowa,42.3932,-96.0533,872.896,107257,Very limited,51.6,51.6
29071,Franklin County,MO,Missouri,38.413,-91.0728,922.491,107256,Very limited,95.4,95.4
17091,Kankakee County,IL,Illinois,41.1395,-87.8611,676.49,106410,Very limited,97.4,97.4
24045,Wicomico County,MD,Maryland,38.3674,-75.6321,374.423,106329,Very limited,90.1,90.1
24015,Cecil County,MD,Maryland,39.5624,-75.9416,346.3,106305,Very limited,70.3,70.3
36089,St. Lawrence County,NY,New York,44.4881,-75.0743,2679.534,106198,Very limited,91.7,91.7
18167,Vigo County,IN,Indiana,39.4309,-87.391,403.631,106166,Very limited,92.8,92.8
55127,Walworth County,WI,Wisconsin,42.6681,-88.5417,555.436,106029,Very limited,81.6,81.6
36109,Tompkins County,NY,New York,42.453,-76.4735,474.65,105602,Very limited,90,90
13313,Whitfield County,GA,Georgia,34.8017,-84.9685,290.445,105070,,,
45085,Sumter County,SC,South Carolina,33.9161,-80.3824,665.078,104776,Very limited,68,68
53025,Grant County,WA,Washington,47.2136,-119.4678,2679.554,104717,Very limited,66.2,66.2
21059,Daviess County,KY,Kentucky,37.7317,-87.0871,458.398,104457,,,
12089,Nassau County,FL,Florida,30.606,-81.7651,648.681,104376,Very limited,95.3,95.3
55039,Fond du Lac County,WI,Wisconsin,43.7547,-88.4933,719.566,104269,Very limited,69.1,69.1
37049,Craven County,NC,North Carolina,35.1168,-77.0813,706.541,104167,Very limited,85.9,85.9
22109,Terrebonne Parish,LA,Louisiana,29.3341,-90.8437,1229.885,103864,Very limited,64.3,64.3
01055,Etowah County,AL,Alabama,34.0476,-86.0343,535.143,103207,Very limited,76.4,76.4
38015,Burleigh County,ND,North Dakota,46.9788,-100.4695,1632.695,103107,Somewhat limited,55.5,40.7
51800,Suffolk city,VA,Virginia,36.6972,-76.6348,399.17,103105,Very limited,90.6,90.6
27141,Sherburne County,MN,Minnesota,45.4532,-93.7692,432.947,103059,Very limited,94.4,94.4
26017,Bay County,MI,Michigan,43.6997,-83.9787,442.41,102651,Very limited,95.3,95.3
19169,Story County,IA,Iowa,42.0375,-93.4661,572.545,102498,Very limited,70.2,70.2
06057,Nevada County,CA,California,39.2975,-120.7713,957.76,102195,,,
37045,Cleveland County,NC,North Carolina,35.3346,-81.5571,464.264,102194,Very limited,60.3,60.3
01095,Marshall County,AL,Alabama,34.3096,-86.3217,565.854,102156,Very limited,68.2,68.2
56021,Laramie County,WY,Wyoming,41.2928,-104.6604,2685.864,101783,,,
13115,Floyd County,GA,Georgia,34.2637,-85.2137,509.832,101390,,,
40131,Rogers County,OK,Oklahoma,36.3778,-95.6014,675.747,101371,Very limited,87.4,87.4
17037,DeKalb County,IL,Illinois,41.8946,-88.7689,631.337,101335,Very limited,99.6,99.6
53021,Franklin County,WA,Washington,46.5375,-118.9039,1241.596,101238,Very limited,56.9,56.9
39003,Allen County,OH,Ohio,40.7716,-84.1061,402.545,100866,Very limited,95.5,95.5
17115,Macon County,IL,Illinois,39.8602,-88.9615,580.548,100737,Very limited,95.3,95.3
47113,Madison County,TN,Tennessee,35.6061,-88.8334,557.174,100409,Very limited,80.7,80.7
47155,Sevier County,TN,Tennessee,35.7878,-83.5249,592.518,100184,,,
05051,Garland County,AR,Arkansas,34.5789,-93.1469,677.615,99902,Very limited,87.1,87.1
39029,Columbiana County,OH,Ohio,40.7701,-80.7785,531.93,99823,Very limited,96.6,96.6
21151,Madison County,KY,Kentucky,37.7255,-84.2784,437.94,99582,Very limited,93.1,93.1
19061,Dubuque County,IA,Iowa,42.4635,-90.8788,608.299,99242,Very limited,88.3,88.3
51121,Montgomery County,VA,Virginia,37.1755,-80.3878,386.848,98998,Very limited,87,87
41003,Benton County,OR,Oregon,44.4939,-123.4247,675.208,98899,Very limited,92.3,92.3
06101,Sutter County,CA,California,39.0362,-121.7039,602.696,98545,Very limited,93.2,93.2
36079,Putnam County,NY,New York,41.4279,-73.7439,230.252,98409,Very limited,73.4,73.4
51069,Frederick County,VA,Virginia,39.2037,-78.2638,413.135,98109,Very limited,91.2,91.2
37127,Nash County,NC,North Carolina,35.9659,-77.9876,540.444,97990,Somewhat limited,53.6,43.8
55109,St. Croix County,WI,Wisconsin,45.029,-92.4473,722.158,97954,Very limited,80.6,80.6
51770,Roanoke city,VA,Virginia,37.2785,-79.9582,42.521,97912,,,
26091,Lenawee County,MI,Michigan,41.896,-84.0744,749.653,97746,Very limited,92.2,92.2
09150,Northeastern Connecticut Planning Region,CT,Connecticut,41.8424,-71.9727,553.9,97701,,,
37109,Lincoln County,NC,North Carolina,35.4885,-81.2269,295.851,97611,Somewhat limited,70.9,23.9
13247,Rockdale County,GA,Georgia,33.6521,-84.0264,129.819,97610,,,
01077,Lauderdale County,AL,Alabama,34.9042,-87.6511,668.049,97502,Very limited,64.7,64.7
51161,Roanoke County,VA,Virginia,37.3308,-80.1912,250.549,97334,Very limited,76.2,76.2
01115,St. Clair County,AL,Alabama,33.7195,-86.3113,631.61,96927,Very limited,73.1,73.1
39007,Ashtabula County,OH,Ohio,41.9066,-80.7456,702.417,96906,Very limited,95.9,95.9
26055,Grand Traverse County,MI,Michigan,44.7187,-85.5538,464.336,96625,Very limited,92.2,92.2
16083,Twin Falls County,ID,Idaho,42.3523,-114.6656,1921.716,96509,,,
51740,Portsmouth city,VA,Virginia,36.8593,-76.357,33.301,96482,,,
13013,Barrow County,GA,Georgia,33.992,-83.7123,161.106,96294,,,
29043,Christian County,MO,Missouri,36.9697,-93.1876,562.603,96045,Very limited,86.1,86.1
39055,Geauga County,OH,Ohio,41.4993,-81.1735,400.44,95362,Very limited,96.9,96.9
22057,Lafourche Parish,LA,Louisiana,29.492,-90.3948,1069.696,95342,Very limited,71.3,71.3
02090,Fairbanks North Star Borough,AK,Alaska,64.6705,-146.4961,7334.994,94951,,,
24009,Calvert County,MD,Maryland,38.5227,-76.5298,213.19,94913,Very limited,86.7,86.7
21037,Campbell County,KY,Kentucky,38.947,-84.3796,151.32,94008,,,
55089,Ozaukee County,WI,Wisconsin,43.5018,-87.8476,233.011,93956,Very limited,90,90
34009,Cape May County,NJ,New Jersey,39.0858,-74.8464,251.513,93875,Very limited,80.1,80.1
13157,Jackson County,GA,Georgia,34.1309,-83.5626,339.7,93825,,,
19155,Pottawattamie County,IA,Iowa,41.3402,-95.5449,951.284,93529,Very limited,69.7,69.7
37157,Rockingham County,NC,North Carolina,36.3818,-79.7828,565.642,93517,Very limited,54.2,54.2
33009,Grafton County,NH,New Hampshire,43.9264,-71.8424,1708.61,93045,Very limited,88.3,88.3
01043,Cullman County,AL,Alabama,34.1319,-86.8693,734.749,92604,Very limited,89.1,89.1
39157,Tuscarawas County,OH,Ohio,40.4474,-81.4712,567.608,92048,Very limited,94.6,94.6
36101,Steuben County,NY,New York,42.2667,-77.3855,1390.51,92015,Very limited,98.6,98.6
48037,Bowie County,TX,Texas,33.4461,-94.4224,884.94,91992,Very limited,84.8,84.8
48469,Victoria County,TX,Texas,28.7964,-96.9712,882.087,91949,Very limited,96.2,96.2
54011,Cabell County,WV,West Virginia,38.4196,-82.2434,281.025,91489,Very limited,87.8,87.8
40145,Wagoner County,OK,Oklahoma,35.9634,-95.5142,561.916,91257,Very limited,86.1,86.1
01051,Elmore County,AL,Alabama,32.5972,-86.1427,618.52,91042,Very limited,60.2,60.2
16005,Bannock County,ID,Idaho,42.6929,-112.229,1112.49,91010,,,
36117,Wayne County,NY,New York,43.2181,-77.0494,603.83,90757,Very limited,85.7,85.7
41053,Polk County,OR,Oregon,44.9004,-123.3986,740.924,90549,Very limited,95.7,95.7
42097,Northumberland County,PA,Pennsylvania,40.8515,-76.7099,457.678,90027,Very limited,83.9,83.9
12131,Walton County,FL,Florida,30.5712,-86.1628,1038.376,89666,Very limited,73.4,73.4
06045,Mendocino County,CA,California,39.4324,-123.4429,3506.807,89175,,,
26087,Lapeer County,MI,Michigan,43.0886,-83.2243,647.475,89168,Very limited,92,92
18059,Hancock County,IN,Indiana,39.8225,-85.7732,305.957,88810,Very limited,98.7,98.7
55027,Dodge County,WI,Wisconsin,43.4296,-88.7019,875.699,88635,Very limited,82.2,82.2
37023,Burke County,NC,North Carolina,35.7462,-81.7062,506.237,88545,Very limited,91.3,91.3
41033,Josephine County,OR,Oregon,42.387,-123.5716,1638.649,88276,Very limited,94.6,94.6
48005,Angelina County,TX,Texas,31.2519,-94.6111,797.867,88094,Very limited,84.7,84.7
51165,Rockingham County,VA,Virginia,38.5076,-78.8853,849.796,87674,Very limited,80.9,80.9
06115,Yuba County,CA,California,39.2701,-121.3443,632.006,87469,,,
48213,Henderson County,TX,Texas,32.2116,-95.8534,873.788,87467,Very limited,59.2,59.2
53041,Lewis County,WA,Washington,46.5801,-122.3774,2402.782,87049,,,
39119,Muskingum County,OH,Ohio,39.966,-81.9435,664.546,86582,Very limited,92.6,92.6
13127,Glynn County,GA,Georgia,31.2127,-81.4964,419.622,86540,,,
53029,Island County,WA,Washington,48.1586,-122.6706,208.698,86478,Very limited,97.6,97.6
48099,Coryell County,TX,Texas,31.3912,-97.798,1052.247,86370,Very limited,88.4,88.4
55055,Jefferson County,WI,Wisconsin,43.0138,-88.774,556.494,86245,Very limited,90.7,90.7
48361,Orange County,TX,Texas,30.1223,-93.8941,333.799,86115,,,
21029,Bullitt County,KY,Kentucky,37.9699,-85.7026,297.088,85802,,,
13031,Bulloch County,GA,Georgia,32.3945,-81.7414,675.969,85454,Very limited,93.7,93.7
47141,Putnam County,TN,Tennessee,36.1409,-85.4962,401.106,84894,,,
18005,Bartholomew County,IN,Indiana,39.2058,-85.898,406.94,84741,Very limited,94.9,94.9
20103,Leavenworth County,KS,Kansas,39.1895,-95.039,463.409,84670,Very limited,95.1,95.1
30013,Cascade County,MT,Montana,47.3166,-111.3503,2698.211,84523,,,
49045,Tooele County,UT,Utah,40.4678,-113.124,7040.271,84488,,,
42073,Lawrence County,PA,Pennsylvania,40.9927,-80.3344,357.393,84233,Very limited,93.8,93.8
40119,Payne County,OK,Oklahoma,36.0792,-96.9753,684.901,84199,Very limited,83,83
18067,Howard County,IN,Indiana,40.4835,-86.1141,293.074,84082,Very limited,97.9,97.9
26111,Midland County,MI,Michigan,43.6482,-84.3794,518.434,84022,Very limited,97,97
37037,Chatham County,NC,North Carolina,35.705,-79.2515,681.474,83874,Very limited,60.7,60.7
48471,Walker County,TX,Texas,30.7432,-95.5698,784.228,83722,Very limited,98,98
29031,Cape Girardeau County,MO,Missouri,37.3841,-89.6857,578.517,83658,Very limited,90.4,90.4
29021,Buchanan County,MO,Missouri,39.6604,-94.8082,408.249,83574,Very limited,56.1,56.1
44005,Newport County,RI,Rhode Island,41.501,-71.2831,102.431,83468,,,
45075,Orangeburg County,SC,South Carolina,33.4361,-80.8029,1106.379,83129,Very limited,86,86
28081,Lee County,MS,Mississippi,34.2924,-88.6824,449.965,83012,Very limited,97.3,97.3
42063,Indiana County,PA,Pennsylvania,40.6514,-79.0875,827.394,82953,Very limited,96.7,96.7
51095,James City County,VA,Virginia,37.3248,-76.7779,142.298,82797,,,
54107,Wood County,WV,West Virginia,39.2116,-81.5162,366.5,82757,,,
45073,Oconee County,SC,South Carolina,34.7488,-83.0615,626.593,82475,,,
13095,Dougherty County,GA,Georgia,31.5326,-84.209,328.645,82418,Very limited,50.2,50.2
51019,Bedford County,VA,Virginia,37.3123,-79.5272,760.115,82182,Very limited,65.6,65.6
42039,Crawford County,PA,Pennsylvania,41.6879,-80.1078,1012.356,82089,Very limited,96.7,96.7
18043,Floyd County,IN,Indiana,38.3181,-85.9118,148.486,81931,Very limited,77.6,77.6
55071,Manitowoc County,WI,Wisconsin,44.1561,-87.5774,589.309,81513,Very limited,95.7,95.7
47001,Anderson County,TN,Tennessee,36.1167,-84.1954,337.206,81449,Very limited,86.9,86.9
01121,Talladega County,AL,Alabama,33.3693,-86.1759,736.818,81375,Very limited,67.3,67.3
48497,Wise County,TX,Texas,33.2193,-97.653,904.454,81275,Very limited,74.6,74.6
53007,Chelan County,WA,Washington,47.861,-120.619,2921.178,81228,,,
36015,Chemung County,NY,New York,42.1487,-76.7525,407.334,81115,Very limited,98.1,98.1
12087,Monroe County,FL,Florida,25.5861,-81.0226,983.043,80908,,,
22097,St. Landry Parish,LA,Louisiana,30.5834,-91.9893,923.378,80869,Very limited,83.4,83.4
35061,Valencia County,NM,New Mexico,34.7168,-106.8066,1066.717,80813,,,
37027,Caldwell County,NC,North Carolina,35.9664,-81.5125,471.885,80739,Very limited,91.8,91.8
18085,Kosciusko County,IN,Indiana,41.2443,-85.8616,531.448,80669,Very limited,88,88
41059,Umatilla County,OR,Oregon,45.5912,-118.7339,3215.45,80491,,,
36105,Sullivan County,NY,New York,41.72,-74.7716,968.145,80450,Very limited,93.6,93.6
56025,Natrona County,WY,Wyoming,42.9776,-106.7682,5340.537,80410,,,
51680,Lynchburg city,VA,Virginia,37.399,-79.1955,48.917,80301,,,
26037,Clinton County,MI,Michigan,42.9505,-84.5917,567.349,80050,Very limited,97.2,97.2
37195,Wilson County,NC,North Carolina,35.7004,-77.9216,367.574,79958,Very limited,62.5,62.5
37069,Franklin County,NC,North Carolina,36.0882,-78.2831,491.874,79771,Somewhat limited,59.6,38.6
05145,White County,AR,Arkansas,35.2551,-91.753,1033.966,79091,Very limited,96.4,96.4
18011,Boone County,IN,Indiana,40.0509,-86.469,422.882,78773,Very limited,96.7,96.7
51015,Augusta County,VA,Virginia,38.1726,-79.141,967.074,78622,Very limited,76.8,76.8
47147,Robertson County,TN,Tennessee,36.5244,-86.8726,476.336,78459,Very limited,56.6,56.6
28035,Forrest County,MS,Mississippi,31.1886,-89.2594,466.042,78435,Very limited,70.2,70.2
08014,Broomfield County,CO,Colorado,39.9539,-105.0509,32.967,78323,,,
42033,Clearfield County,PA,Pennsylvania,41.0069,-78.4777,1145.06,78132,Very limited,96,96
33005,Cheshire County,NH,New Hampshire,42.9255,-72.2482,706.725,78078,Very limited,81.8,81.8
53009,Clallam County,WA,Washington,48.1109,-123.8899,1738.776,77958,,,
53027,Grays Harbor County,WA,Washington,47.1121,-123.8267,1902.268,77893,,,
36019,Clinton County,NY,New York,44.7527,-73.7056,1037.751,77871,Very limited,89.9,89.9
29051,Cole County,MO,Missouri,38.5032,-92.28,391.533,77625,Very limited,92.9,92.9
12107,Putnam County,FL,Florida,29.5939,-81.732,728.396,77301,Very limited,80.7,80.7
05085,Lonoke County,AR,Arkansas,34.7551,-91.8941,771.723,76389,,,
26159,Van Buren County,MI,Michigan,42.2822,-86.3061,607.797,76129,Very limited,96.3,96.3
39141,Ross County,OH,Ohio,39.3239,-83.0595,689.166,76046,Very limited,97.3,97.3
51061,Fauquier County,VA,Virginia,38.7441,-77.8215,647.994,75865,Very limited,82.2,82.2
36009,Cattaraugus County,NY,New York,42.2391,-78.6623,1308.183,75475,Very limited,97,97
46083,Lincoln County,SD,South Dakota,43.2794,-96.7223,577.293,75244,Very limited,72,72
35025,Lea County,NM,New Mexico,32.7957,-103.4133,4391.552,75151,Very limited,62.9,62.9
30049,Lewis and Clark County,MT,Montana,47.1221,-112.3829,3458.38,75129,,,
39063,Hancock County,OH,Ohio,41.0002,-83.6659,531.324,75016,Very limited,97.7,97.7
36011,Cayuga County,NY,New York,43.0085,-76.5746,691.589,74567,Very limited,73.3,73.3
40125,Pottawatomie County,OK,Oklahoma,35.2114,-96.957,787.816,74446,Very limited,82.8,82.8
12023,Columbia County,FL,Florida,30.2217,-82.6234,797.377,73977,Very limited,88.7,88.7
40037,Creek County,OK,Oklahoma,35.9074,-96.3802,949.895,73971,Very limited,82.9,82.9
55141,Wood County,WI,Wisconsin,44.4614,-90.0388,793.028,73943,Very limited,96,96
39043,Erie County,OH,Ohio,41.3941,-82.5868,251.288,73841,Very limited,87.3,87.3
15007,Kauai County,HI,Hawaii,22.012,-159.706,619.84,73840,,,
18109,Morgan County,IN,Indiana,39.4826,-86.4475,403.84,73825,Very limited,92,92
38035,Grand Forks County,ND,North Dakota,47.926,-97.4509,1436.216,73771,Very limited,84.9,84.9
47059,Greene County,TN,Tennessee,36.1795,-82.8475,622.169,73398,Very limited,79.2,79.2
13103,Effingham County,GA,Georgia,32.3617,-81.3434,478.887,73148,Very limited,92.9,92.9
01049,DeKalb County,AL,Alabama,34.4609,-85.804,777.077,73122,Very limited,86.7,86.7
20161,Riley County,KS,Kansas,39.2912,-96.7275,609.66,72557,Very limited,95.5,95.5
54081,Raleigh County,WV,West Virginia,37.7625,-81.2647,604.97,72379,,,
42111,Somerset County,PA,Pennsylvania,39.9813,-79.0285,1075.047,72134,Very limited,90.7,90.7
55097,Portage County,WI,Wisconsin,44.4762,-89.4981,800.874,72040,Very limited,93.8,93.8
39145,Scioto County,OH,Ohio,38.8149,-82.9987,610.155,71798,Very limited,96.6,96.6
39159,Union County,OH,Ohio,40.2959,-83.367,431.713,71721,Very limited,98.6,98.6
45055,Kershaw County,SC,South Carolina,34.3384,-80.5909,726.612,71698,,,
37171,Surry County,NC,North Carolina,36.4154,-80.6865,532.644,71547,Very limited,84.8,84.8
13285,Troup County,GA,Georgia,33.0345,-85.0284,414.024,71513,,,
48409,San Patricio County,TX,Texas,28.0118,-97.5172,693.32,71467,,,
51199,York County,VA,Virginia,37.2209,-76.3955,104.703,71410,,,
48203,Harrison County,TX,Texas,32.548,-94.3744,900.064,71370,Very limited,91.6,91.6
17183,Vermilion County,IL,Illinois,40.1868,-87.7268,898.32,71106,Very limited,98.8,98.8
21047,Christian County,KY,Kentucky,36.8921,-87.493,717.794,71006,Very limited,60.4,60.4
25011,Franklin County,MA,Massachusetts,42.5845,-72.5918,699.209,70871,Very limited,94.1,94.1
27013,Blue Earth County,MN,Minnesota,44.0337,-94.064,747.837,70700,Very limited,94.2,94.2
28075,Lauderdale County,MS,Mississippi,32.404,-88.6605,703.676,70588,Very limited,90.3,90.3
45059,Laurens County,SC,South Carolina,34.4837,-82.0055,712.874,70545,Very limited,50.4,50.4
21185,Oldham County,KY,Kentucky,38.4001,-85.4561,187.294,70525,Very limited,76,76
41035,Klamath County,OR,Oregon,42.6838,-121.6462,5949.897,70438,,,
13255,Spalding County,GA,Georgia,33.2623,-84.2849,195.972,70292,Somewhat limited,77.6,19.5
37031,Carteret County,NC,North Carolina,34.8583,-76.5359,507.607,70259,Not rated,53,46.5
37141,Pender County,NC,North Carolina,34.5126,-77.8881,871.3,70077,Very limited,90.2,90.2
45047,Greenwood County,SC,South Carolina,34.1558,-82.1279,455.606,70041,Somewhat limited,52.7,44
35035,Otero County,NM,New Mexico,32.6156,-105.7513,6612.562,69711,,,
53045,Mason County,WA,Washington,47.3508,-123.1731,959.565,69632,,,
13295,Walker County,GA,Georgia,34.7358,-85.3055,446.286,69340,,,
26117,Montcalm County,MI,Michigan,43.3128,-85.1495,705.329,69314,Very limited,74.8,74.8
06069,San Benito County,CA,California,36.6117,-121.0858,1388.652,69159,Very limited,92.3,92.3
20015,Butler County,KS,Kansas,37.7736,-96.8388,1429.716,69158,Very limited,96.7,96.7
48221,Hood County,TX,Texas,32.4301,-97.8317,420.742,69126,,,
27131,Rice County,MN,Minnesota,44.3508,-93.2985,495.799,69025,Very limited,86.9,86.9
35031,McKinley County,NM,New Mexico,35.5841,-108.2533,5451.064,68945,,,
13047,Catoosa County,GA,Georgia,34.9002,-85.1394,162.162,68940,Very limited,76.4,76.4
27035,Crow Wing County,MN,Minnesota,46.4917,-94.0707,998.451,68642,Very limited,81.9,81.9
13179,Liberty County,GA,Georgia,31.8075,-81.4579,516.463,68607,,,
37105,Lee County,NC,North Carolina,35.4763,-79.1721,255.072,68537,Very limited,60.8,60.8
38101,Ward County,ND,North Dakota,48.2167,-101.5405,2013.029,68427,Very limited,62.3,62.3
26155,Shiawassee County,MI,Michigan,42.9515,-84.1464,531.126,67982,Very limited,98.8,98.8
26103,Marquette County,MI,Michigan,46.6566,-87.584,1809.071,67979,Very limited,90.7,90.7
06033,Lake County,CA,California,39.108,-122.7452,1255.102,67764,Very limited,91,91
47063,Hamblen County,TN,Tennessee,36.2184,-83.2661,161.188,67715,Very limited,62.6,62.6
21145,McCracken County,KY,Kentucky,37.0541,-88.7125,248.796,67550,,,
22045,Iberia Parish,LA,Louisiana,29.606,-91.8427,574.74,67540,Very limited,82.8,82.8
29187,St. Francois County,MO,Missouri,37.8107,-90.4739,451.886,67503,Very limited,84.4,84.4
37167,Stanly County,NC,North Carolina,35.3104,-80.2544,395.08,67326,Very limited,76,76
55017,Chippewa County,WI,Wisconsin,45.0691,-91.2835,1008.43,67323,Very limited,93.8,93.8
24001,Allegany County,MD,Maryland,39.6123,-78.7031,422.199,67097,Very limited,91.3,91.3
36053,Madison County,NY,New York,42.91,-75.6636,654.854,67072,Very limited,86.5,86.5
17199,Williamson County,IL,Illinois,37.7304,-88.93,420.216,67064,Very limited,86.2,86.2
27027,Clay County,MN,Minnesota,46.8984,-96.4949,1045.176,66848,Very limited,90.1,90.1
21199,Pulaski County,KY,Kentucky,37.1074,-84.577,658.106,66842,Very limited,71.3,71.3
23003,Aroostook County,ME,Maine,46.7092,-68.6124,6671.22,66776,,,
40101,Muskogee County,OK,Oklahoma,35.6176,-95.3839,810.643,66752,Very limited,90.9,90.9
28073,Lamar County,MS,Mississippi,31.1976,-89.5064,496.57,66734,Somewhat limited,52.8,45.8
48427,Starr County,TX,Texas,26.5309,-98.7402,1223.179,66587,Somewhat limited,50,48.6
55111,Sauk County,WI,Wisconsin,43.428,-89.9433,831.587,66486,Very limited,94.3,94.3
18053,Grant County,IN,Indiana,40.5158,-85.6549,414.089,66458,Very limited,96.2,96.2
18177,Wayne County,IN,Indiana,39.8631,-85.0067,401.755,66410,Very limited,97.2,97.2
18173,Warrick County,IN,Indiana,38.0977,-87.272,384.63,66339,Very limited,92.3,92.3
26067,Ionia County,MI,Michigan,42.9447,-85.0738,571.32,66250,Very limited,96,96
37193,Wilkes County,NC,North Carolina,36.2089,-81.1661,753.678,66186,Very limited,90.3,90.3
45043,Georgetown County,SC,South Carolina,33.4175,-79.2963,813.665,66035,Very limited,93.3,93.3
42037,Columbia County,PA,Pennsylvania,41.0455,-76.4043,483.259,66012,Very limited,95.1,95.1
49021,Iron County,UT,Utah,37.9093,-113.3067,3296.167,65936,,,
29113,Lincoln County,MO,Missouri,39.0623,-90.9629,626.566,65888,Very limited,93.4,93.4
34033,Salem County,NJ,New Jersey,39.5738,-75.3574,331.861,65874,Very limited,86.8,86.8
28067,Jones County,MS,Mississippi,31.6166,-89.1685,694.845,65837,Very limited,82.3,82.3
42025,Carbon County,PA,Pennsylvania,40.9184,-75.705,381.356,65743,Very limited,93.5,93.5
48347,Nacogdoches County,TX,Texas,31.6206,-94.6202,946.324,65728,Very limited,83.5,83.5
47035,Cumberland County,TN,Tennessee,35.9524,-84.9948,681.309,65618,Very limited,91.9,91.9
37161,Rutherford County,NC,North Carolina,35.4027,-81.9196,565.437,65587,Very limited,67.5,67.5
48467,Van Zandt County,TX,Texas,32.5588,-95.8369,842.573,65304,Very limited,81.4,81.4
36113,Warren County,NY,New York,43.5551,-73.8381,867.222,65288,Very limited,67.9,67.9
01127,Walker County,AL,Alabama,33.7916,-87.3011,791.061,65260,Very limited,92,92
33001,Belknap County,NH,New Hampshire,43.5191,-71.4254,401.912,65257,,,
48473,Waller County,TX,Texas,30.0136,-95.9821,513.344,65109,,,
26073,Isabella County,MI,Michigan,43.6452,-84.8394,572.7,65072,Very limited,97,97
39101,Marion County,OH,Ohio,40.588,-83.1688,403.807,64976,Very limited,96.5,96.5
05115,Pope County,AR,Arkansas,35.4566,-93.0268,810.952,64829,Very limited,89.4,89.4
04001,Apache County,AZ,Arizona,35.3851,-109.4902,11198.31,64800,,,
39013,Belmont County,OH,Ohio,40.0177,-80.9677,532.173,64692,Very limited,88.8,88.8
54033,Harrison County,WV,West Virginia,39.2792,-80.3858,416.01,64472,,,
06103,Tehama County,CA,California,40.1262,-122.2323,2949.137,64451,,,
41011,Coos County,OR,Oregon,43.1859,-124.0941,1596.051,64326,Very limited,96.6,96.6
49003,Box Elder County,UT,Utah,41.6226,-113.0603,5781.304,64120,,,
17001,Adams County,IL,Illinois,39.9861,-91.195,855.15,64109,Very limited,78.6,78.6
26015,Barry County,MI,Michigan,42.5828,-85.3145,553.104,64025,Very limited,95.1,95.1
39081,Jefferson County,OH,Ohio,40.3994,-80.7635,408.124,63900,Very limited,93.8,93.8
39083,Knox County,OH,Ohio,40.4036,-82.4224,525.499,63848,Very limited,99,99
32019,Lyon County,NV,Nevada,39.0222,-119.1974,2003.054,63718,,,
35005,Chaves County,NM,New Mexico,33.3616,-104.4698,6067.178,63697,,,
42005,Armstrong County,PA,Pennsylvania,40.8124,-79.4641,653.321,63679,Very limited,94,94
05069,Jefferson County,AR,Arkansas,34.2772,-91.9297,872.346,63672,,,
21125,Laurel County,KY,Kentucky,37.1133,-84.1194,433.704,63353,,,
39009,Athens County,OH,Ohio,39.3328,-82.0459,503.643,63218,Very limited,96.6,96.6
08045,Garfield County,CO,Colorado,39.5994,-107.9098,2947.425,63167,,,
37087,Haywood County,NC,North Carolina,35.5589,-82.9813,553.56,63048,,,
31079,Hall County,NE,Nebraska,40.866,-98.5027,546.529,62869,Very limited,87.6,87.6
45031,Darlington County,SC,South Carolina,34.3322,-79.9621,560.629,62425,Very limited,78.7,78.7
42103,Pike County,PA,Pennsylvania,41.3259,-75.0315,544.896,62376,Very limited,95.3,95.3
05033,Crawford County,AR,Arkansas,35.583,-94.2362,595.269,62258,Very limited,92,92
47167,Tipton County,TN,Tennessee,35.4988,-89.7471,455.611,62187,Very limited,60.9,60.9
39129,Pickaway County,OH,Ohio,39.6489,-83.0528,501.265,62158,Very limited,97.8,97.8
47105,Loudon County,TN,Tennessee,35.7351,-84.3141,229.272,62129,Very limited,59.3,59.3
53071,Walla Walla County,WA,Washington,46.2546,-118.4804,1270.033,62068,,,
40047,Garfield County,OK,Oklahoma,36.3781,-97.7887,1058.507,62007,Very limited,80.6,80.6
21209,Scott County,KY,Kentucky,38.2857,-84.5783,282.194,61700,Very limited,88.8,88.8
36051,Livingston County,NY,New York,42.729,-77.7785,631.653,61561,Very limited,91.8,91.8
37077,Granville County,NC,North Carolina,36.2999,-78.6576,531.991,61544,Very limited,53.8,53.8
29145,Newton County,MO,Missouri,36.9084,-94.335,624.753,61519,Very limited,96.5,96.5
01001,Autauga County,AL,Alabama,32.5322,-86.6464,594.455,61464,Very limited,68.8,68.8
35015,Eddy County,NM,New Mexico,32.4578,-104.3064,4176.348,61436,,,
20155,Reno County,KS,Kansas,37.9482,-98.0783,1255.307,61417,Very limited,92.3,92.3
47031,Coffee County,TN,Tennessee,35.4888,-86.0782,428.964,61285,Very limited,68.3,68.3
54037,Jefferson County,WV,West Virginia,39.3074,-77.8632,209.289,61264,Very limited,75,75
02122,Kenai Peninsula Borough,AK,Alaska,60.3667,-152.3223,16017.65,61259,,,
26149,St. Joseph County,MI,Michigan,41.9115,-85.5229,500.639,61171,Very limited,92.1,92.1
27111,Otter Tail County,MN,Minnesota,46.4057,-95.7146,1971.636,60884,Very limited,71.2,71.2
13129,Gordon County,GA,Georgia,34.5097,-84.8739,356.457,60765,Very limited,84.2,84.2
36077,Otsego County,NY,New York,42.6298,-75.0288,1001.738,60524,Very limited,93.7,93.7
37163,Sampson County,NC,North Carolina,34.9893,-78.3713,945.932,60404,Very limited,54.3,54.3
36021,Columbia County,NY,New York,42.2477,-73.6267,634.663,60299,Very limited,96.5,96.5
50021,Rutland County,VT,Vermont,43.6124,-73.0603,930.552,60198,Very limited,94.4,94.4
01009,Blount County,AL,Alabama,33.9774,-86.5664,644.905,60163,Very limited,85.2,85.2
23017,Oxford County,ME,Maine,44.4945,-70.7344,2076.958,60039,,,
50023,Washington County,VT,Vermont,44.275,-72.6094,687.06,59844,Very limited,93.4,93.4
28071,Lafayette County,MS,Mississippi,34.3531,-89.4854,631.697,59843,Very limited,92,92
36115,Washington County,NY,New York,43.3124,-73.4394,831.19,59839,Very limited,87.8,87.8
42015,Bradford County,PA,Pennsylvania,41.7915,-76.5021,1147.376,59699,,,
36043,Herkimer County,NY,New York,43.571,-74.8411,1410.587,59585,Very limited,91.9,91.9
48001,Anderson County,TX,Texas,31.8413,-95.6617,1062.617,59512,Very limited,77.4,77.4
51143,Pittsylvania County,VA,Virginia,36.8217,-79.3985,969.003,59410,Very limited,75.2,75.2
47073,Hawkins County,TN,Tennessee,36.4521,-82.9315,487.056,59371,,,
47089,Jefferson County,TN,Tennessee,36.0485,-83.4412,275.155,59217,Very limited,62,62
27025,Chisago County,MN,Minnesota,45.5054,-92.9038,414.903,59105,Very limited,90.8,90.8
13039,Camden County,GA,Georgia,30.9134,-81.642,630.273,59099,,,
28109,Pearl River County,MS,Mississippi,30.7748,-89.5869,811.508,59030,Very limited,80.5,80.5
39143,Sandusky County,OH,Ohio,41.3553,-83.1428,408.246,58866,Very limited,96,96
01113,Russell County,AL,Alabama,32.2898,-85.187,641.182,58837,Very limited,88.7,88.7
48323,Maverick County,TX,Texas,28.7298,-100.3167,1279.481,58829,Very limited,76.8,76.8
01033,Colbert County,AL,Alabama,34.7031,-87.8015,592.953,58785,Very limited,67.8,67.8
48199,Hardin County,TX,Texas,30.3296,-94.3932,890.578,58670,Very limited,98.9,98.9
40051,Grady County,OK,Oklahoma,35.0211,-97.8869,1100.54,58353,Very limited,68.7,68.7
39167,Washington County,OH,Ohio,39.4507,-81.4906,632.162,58332,Very limited,96.6,96.6
39077,Huron County,OH,Ohio,41.1451,-82.5946,492.244,58168,Very limited,99.4,99.4
32510,Carson City,NV,Nevada,39.1531,-119.7474,144.534,58148,,,
55021,Columbia County,WI,Wisconsin,43.4719,-89.3305,765.6,58113,Very limited,89.4,89.4
45021,Cherokee County,SC,South Carolina,35.0498,-81.6076,392.967,57770,Somewhat limited,49.5,49
50027,Windsor County,VT,Vermont,43.5724,-72.5988,969.144,57697,Very limited,95.1,95.1
22113,Vermilion Parish,LA,Louisiana,29.8066,-92.3214,1172.061,57641,Very limited,81.1,81.1
47043,Dickson County,TN,Tennessee,36.1455,-87.3642,489.899,57641,Very limited,68.6,68.6
36037,Genesee County,NY,New York,43.0009,-78.1928,492.976,57604,Very limited,85.7,85.7
54055,Mercer County,WV,West Virginia,37.4034,-81.1065,418.962,57524,,,
47019,Carter County,TN,Tennessee,36.2847,-82.1266,341.288,57434,Very limited,91.3,91.3
28087,Lowndes County,MS,Mississippi,33.4714,-88.4397,506.068,57210,Very limited,92.3,92.3
54079,Putnam County,WV,West Virginia,38.5105,-81.9061,345.679,57067,Very limited,93.7,93.7
23009,Hancock County,ME,Maine,44.5649,-68.3707,1587.182,56946,,,
08067,La Plata County,CO,Colorado,37.2874,-107.8397,1689.682,56823,,,
47107,McMinn County,TN,Tennessee,35.4245,-84.6199,430.117,56754,Very limited,71.6,71.6
29213,Taney County,MO,Missouri,36.6498,-93.0428,632.263,56744,Very limited,93.3,93.3
47145,Roane County,TN,Tennessee,35.8473,-84.5239,360.768,56742,Very limited,74.1,74.1
22001,Acadia Parish,LA,Louisiana,30.2915,-92.411,655.244,56604,Very limited,99,99
48349,Navarro County,TX,Texas,32.0433,-96.4764,1009.702,56533,Very limited,89.3,89.3
21113,Jessamine County,KY,Kentucky,37.8733,-84.584,172.113,56495,,,
01031,Coffee County,AL,Alabama,31.4023,-85.9896,679.066,56358,Very limited,51.2,51.2
19181,Warren County,IA,Iowa,41.3324,-93.5688,569.658,56343,Very limited,96.8,96.8
48071,Chambers County,TX,Texas,29.6964,-94.6694,597.232,56179,Very limited,91.4,91.4
51047,Culpeper County,VA,Virginia,38.4859,-77.9565,379.168,56125,Very limited,83.1,83.1
32023,Nye County,NV,Nevada,37.9659,-116.459,18181.914,55990,,,
29101,Johnson County,MO,Missouri,38.7415,-93.8119,829.262,55880,Very limited,99.3,99.3
39087,Lawrence County,OH,Ohio,38.6039,-82.5172,453.394,55829,Very limited,95.9,95.9
48053,Burnet County,TX,Texas,30.7896,-98.2012,994.845,55722,,,
54049,Marion County,WV,West Virginia,39.5058,-80.2434,308.785,55649,,,
51067,Franklin County,VA,Virginia,36.9912,-79.8827,690.611,55637,Very limited,62.3,62.3
48325,Medina County,TX,Texas,29.3537,-99.1111,1325.366,55619,Very limited,82.9,82.9
16065,Madison County,ID,Idaho,43.7886,-111.657,469.267,55549,,,
21195,Pike County,KY,Kentucky,37.486,-82.4109,786.222,55430,Very limited,97.1,97.1
48493,Wilson County,TX,Texas,29.1739,-98.0867,803.735,55415,Very limited,89.3,89.3
37093,Hoke County,NC,North Carolina,35.0172,-79.242,390.153,55382,Very limited,68.2,68.2
51031,Campbell County,VA,Virginia,37.2102,-79.0954,503.257,55342,,,
37107,Lenoir County,NC,North Carolina,35.2401,-77.6355,399.087,55332,Very limited,78.2,78.2
37189,Watauga County,NC,North Carolina,36.2354,-81.7099,312.44,54997,Very limited,95,95
39147,Seneca County,OH,Ohio,41.12,-83.1275,551.026,54730,Very limited,99.2,99.2
17195,Whiteside County,IL,Illinois,41.7507,-89.911,684.099,54657,Very limited,71,71
32007,Elko County,NV,Nevada,41.1411,-115.3514,17173.302,54363,,,
24047,Worcester County,MD,Maryland,38.2221,-75.3099,468.299,54337,Very limited,77.7,77.7
08037,Eagle County,CO,Colorado,39.627,-106.6952,1684.47,54330,,,
48373,Polk County,TX,Texas,30.7846,-94.8373,1057.053,54258,,,
47003,Bedford County,TN,Tennessee,35.5137,-86.4583,473.639,54228,Very limited,83.8,83.8
51191,Washington County,VA,Virginia,36.7478,-81.9503,561.193,54098,Very limited,74,74
04007,Gila County,AZ,Arizona,33.7896,-110.8119,4757.578,54073,,,
41009,Columbia County,OR,Oregon,45.9419,-123.0811,658.686,54063,Very limited,98.4,98.4
40147,Washington County,OK,Oklahoma,36.7044,-95.9063,415.524,54060,Very limited,95.5,95.5
29169,Pulaski County,MO,Missouri,37.8248,-92.207,547.113,53964,Very limited,89.7,89.7
16017,Bonner County,ID,Idaho,48.3246,-116.6274,1733.229,53955,,,
48265,Kerr County,TX,Texas,30.0536,-99.3747,1103.333,53900,Very limited,99.3,99.3
06109,Tuolumne County,CA,California,38.0214,-119.9647,2220.912,53893,,,
40083,Logan County,OK,Oklahoma,35.9143,-97.451,743.747,53860,Very limited,87.8,87.8
17063,Grundy County,IL,Illinois,41.2924,-88.4011,418.133,53835,Very limited,96.4,96.4
01071,Jackson County,AL,Alabama,34.7641,-85.9801,1078.014,53780,Very limited,75.3,75.3
24035,Queen Anne's County,MD,Maryland,39.047,-76.0858,371.669,53688,Very limited,89.8,89.8
55015,Calumet County,WI,Wisconsin,44.0784,-88.2121,318.25,53602,Very limited,75.9,75.9
20169,Saline County,KS,Kansas,38.7918,-97.6515,720.242,53459,Very limited,78.8,78.8
48401,Rusk County,TX,Texas,32.1094,-94.7564,924.199,53391,Very limited,83.3,83.3
17007,Boone County,IL,Illinois,42.319,-88.8243,280.749,53313,Very limited,74.3,74.3
48073,Cherokee County,TX,Texas,31.8439,-95.1563,1052.954,53223,Very limited,86.2,86.2
17077,Jackson County,IL,Illinois,37.7861,-89.3812,583.574,53199,Very limited,84.3,84.3
48013,Atascosa County,TX,Texas,28.8915,-98.5354,1219.542,52783,Very limited,96.3,96.3
26157,Tuscola County,MI,Michigan,43.4879,-83.4366,804.902,52757,Very limited,96.6,96.6
33003,Carroll County,NH,New Hampshire,43.8678,-71.2016,931.876,52580,,,
21073,Franklin County,KY,Kentucky,38.2349,-84.8688,207.912,52442,,,
48055,Caldwell County,TX,Texas,29.8324,-97.6281,544.543,52430,Very limited,95.2,95.2
39005,Ashland County,OH,Ohio,40.8433,-82.2701,422.986,52420,Very limited,98.5,98.5
55043,Grant County,WI,Wisconsin,42.87,-90.6942,1147.604,52330,Very limited,93.3,93.3
36035,Fulton County,NY,New York,43.1156,-74.4237,495.46,52073,Very limited,84.7,84.7
28105,Oktibbeha County,MS,Mississippi,33.4224,-88.8762,457.626,51965,Very limited,98.2,98.2
48259,Kendall County,TX,Texas,29.9435,-98.7093,662.454,51828,Very limited,99.8,99.8
26027,Cass County,MI,Michigan,41.9172,-86.0001,490.129,51550,Very limited,93.8,93.8
26123,Newaygo County,MI,Michigan,43.5627,-85.7914,838.887,51504,Very limited,97,97
39037,Darke County,OH,Ohio,40.1313,-84.6213,598.102,51462,Very limited,99.5,99.5
18029,Dearborn County,IN,Indiana,39.1409,-84.9759,305.087,51435,Very limited,97.9,97.9
47053,Gibson County,TN,Tennessee,35.9916,-88.9338,602.745,51422,Very limited,94.8,94.8
42127,Wayne County,PA,Pennsylvania,41.6466,-75.2925,725.769,51419,Very limited,95.9,95.9
17141,Ogle County,IL,Illinois,42.0419,-89.3202,758.654,51345,Very limited,57,57
23025,Somerset County,ME,Maine,45.5036,-69.9561,3924.289,51338,,,
48277,Lamar County,TX,Texas,33.6673,-95.5703,907.335,51249,,,
22099,St. Martin Parish,LA,Louisiana,30.1214,-91.6115,737.549,51218,Very limited,84.7,84.7
41041,Lincoln County,OR,Oregon,44.6411,-123.9112,980.989,51212,,,
55135,Waupaca County,WI,Wisconsin,44.478,-88.967,747.702,51171,Very limited,93.7,93.7
51660,Harrisonburg city,VA,Virginia,38.4363,-78.8733,17.336,51164,,,
31019,Buffalo County,NE,Nebraska,40.8553,-99.075,968.246,51156,Very limited,63,63
13029,Bryan County,GA,Georgia,32.018,-81.4385,437.564,51105,,,
50011,Franklin County,VT,Vermont,44.859,-72.9094,630.961,51066,Very limited,76.4,76.4
16011,Bingham County,ID,Idaho,43.2164,-112.3992,2093.732,50889,,,
37061,Duplin County,NC,North Carolina,34.9344,-77.9335,814.72,50539,Very limited,69.6,69.6
04023,Santa Cruz County,AZ,Arizona,31.5257,-110.8452,1236.26,50508,,,
22089,St. Charles Parish,LA,Louisiana,29.9057,-90.3579,277.742,50400,Very limited,60.2,60.2
40013,Bryan County,OK,Oklahoma,33.964,-96.2651,904.348,50305,Very limited,73.9,73.9
13175,Laurens County,GA,Georgia,32.3932,-82.9263,807.336,50287,,,
44001,Bristol County,RI,Rhode Island,41.7068,-71.2867,24.132,50145,,,
21211,Shelby County,KY,Kentucky,38.239,-85.2282,379.795,50124,Very limited,98.2,98.2
08043,Fremont County,CO,Colorado,38.4552,-105.425,1533.835,50093,,,
01045,Dale County,AL,Alabama,31.4307,-85.6095,561.113,50067,Very limited,69.3,69.3
37047,Columbus County,NC,North Carolina,34.2616,-78.6393,938.197,50054,Very limited,84.5,84.5
12063,Jackson County,FL,Florida,30.7892,-85.2088,918.315,49980,Very limited,67.2,67.2
27169,Winona County,MN,Minnesota,43.9814,-91.777,626.191,49973,Very limited,88,88
40079,Le Flore County,OK,Oklahoma,34.8974,-94.6951,1589.429,49854,Very limited,93.7,93.7
13137,Habersham County,GA,Georgia,34.6344,-83.5259,276.867,49665,Very limited,66.9,66.9
36057,Montgomery County,NY,New York,42.9009,-74.4354,403.111,49648,Very limited,86.6,86.6
32005,Douglas County,NV,Nevada,38.9051,-119.609,710.537,49564,,,
42121,Venango County,PA,Pennsylvania,41.4007,-79.7658,674.265,49476,Very limited,98,98
51089,Henry County,VA,Virginia,36.6206,-79.9807,382.351,49385,Very limited,66.5,66.5
47123,Monroe County,TN,Tennessee,35.4478,-84.2497,635.774,49154,Very limited,82.9,82.9
40019,Carter County,OK,Oklahoma,34.2518,-97.2879,822.301,49135,Very limited,63.9,63.9
37065,Edgecombe County,NC,North Carolina,35.9171,-77.6027,505.436,49124,Very limited,72,72
18065,Henry County,IN,Indiana,39.9296,-85.3974,391.877,49081,Very limited,98.7,98.7
53065,Stevens County,WA,Washington,48.3887,-117.8545,2477.103,49015,Very limited,94.5,94.5
48499,Wood County,TX,Texas,32.7836,-95.3822,645.245,48742,Very limited,74.7,74.7
40021,Cherokee County,OK,Oklahoma,35.9044,-94.9968,749.127,48729,Very limited,83.1,83.1
17095,Knox County,IL,Illinois,40.9309,-90.2138,716.355,48716,Very limited,51.8,51.8
21179,Nelson County,KY,Kentucky,37.8031,-85.4659,418.686,48706,Very limited,87.9,87.9
40087,McClain County,OK,Oklahoma,35.0164,-97.4498,570.72,48434,Very limited,69.5,69.5
53075,Whitman County,WA,Washington,46.9059,-117.5354,2159.262,48399,Very limited,84.3,84.3
22061,Lincoln Parish,LA,Louisiana,32.6018,-92.6623,471.636,48243,Very limited,89.5,89.5
30081,Ravalli County,MT,Montana,46.0777,-114.1058,2390.967,48187,,,
17073,Henry County,IL,Illinois,41.35,-90.1308,823.186,48177,Very limited,60.4,60.4
53037,Kittitas County,WA,Washington,47.1244,-120.6767,2297.291,48172,,,
48465,Val Verde County,TX,Texas,29.8753,-101.1433,3144.75,47999,Very limited,91.7,91.7
27049,Goodhue County,MN,Minnesota,44.4062,-92.716,756.742,47982,Very limited,72.1,72.1
39149,Shelby County,OH,Ohio,40.3367,-84.2041,407.691,47952,Very limited,97.6,97.6
56005,Campbell County,WY,Wyoming,44.1897,-105.5261,4802.065,47946,,,
18113,Noble County,IN,Indiana,41.4047,-85.4173,410.843,47811,Very limited,88.5,88.5
21019,Boyd County,KY,Kentucky,38.36,-82.6814,159.866,47777,,,
12075,Levy County,FL,Florida,29.2719,-82.8312,1118.259,47765,Very limited,91.4,91.4
42009,Bedford County,PA,Pennsylvania,39.9986,-78.4947,1011.99,47643,Very limited,91.5,91.5
36107,Tioga County,NY,New York,42.1781,-76.2975,518.767,47574,Very limited,98.5,98.5
12121,Suwannee County,FL,Florida,30.1892,-82.9928,688.586,47536,Very limited,56,56
18071,Jackson County,IN,Indiana,38.912,-86.0425,509.978,47420,Very limited,95.2,95.2
36003,Allegany County,NY,New York,42.2479,-78.0262,1029.507,47299,Very limited,99.2,99.2
01021,Chilton County,AL,Alabama,32.8541,-86.7266,692.838,47262,Very limited,80.9,80.9
35009,Curry County,NM,New Mexico,34.573,-103.3461,1405.524,47156,,,
36033,Franklin County,NY,New York,44.5944,-74.3107,1629.3,47086,Very limited,94.2,94.2
37083,Halifax County,NC,North Carolina,36.2514,-77.6448,723.738,46992,Very limited,72.9,72.9
13071,Colquitt County,GA,Georgia,31.1897,-83.7699,547.067,46977,,,
05055,Greene County,AR,Arkansas,36.1206,-90.5663,577.347,46928,Very limited,95.7,95.7
36039,Greene County,NY,New York,42.287,-74.1495,647.161,46903,Very limited,96.1,96.1
42099,Perry County,PA,Pennsylvania,40.3978,-77.2663,551.45,46816,Very limited,96.1,96.1
55005,Barron County,WI,Wisconsin,45.4372,-91.8529,863.083,46810,Very limited,95.7,95.7
22101,St. Mary Parish,LA,Louisiana,29.6293,-91.4638,558.528,46799,Very limited,82.8,82.8
27007,Beltrami County,MN,Minnesota,47.8795,-95.005,2504.643,46762,Very limited,76.1,76.1
05035,Crittenden County,AR,Arkansas,35.1976,-90.3051,611.812,46633,Very limited,92.8,92.8
06009,Calaveras County,CA,California,38.1911,-120.5541,1020.016,46505,,,
40113,Osage County,OK,Oklahoma,36.6243,-96.4081,2246.685,46495,Very limited,85,85
28045,Hancock County,MS,Mississippi,30.3916,-89.4828,473.966,46492,Very limited,93.8,93.8
47099,Lawrence County,TN,Tennessee,35.2205,-87.3965,617.13,46467,Very limited,64.8,64.8
18099,Marshall County,IN,Indiana,41.325,-86.269,443.618,46464,Very limited,81,81
17029,Coles County,IL,Illinois,39.5137,-88.2208,508.272,46423,Very limited,97,97
55081,Monroe County,WI,Wisconsin,43.9452,-90.62,900.904,46370,Very limited,95.3,95.3
26023,Branch County,MI,Michigan,41.9185,-85.0669,506.411,46187,Very limited,93.6,93.6
55033,Dunn County,WI,Wisconsin,44.9478,-91.8976,850.16,46135,Very limited,94.7,94.7
12051,Hendry County,FL,Florida,26.54,-81.1521,1155.954,46130,Very limited,97.4,97.4
39091,Logan County,OH,Ohio,40.3876,-83.7663,458.508,46085,Very limited,97.9,97.9
13275,Thomas County,GA,Georgia,30.8646,-83.9198,544.637,46054,,,
19045,Clinton County,IA,Iowa,41.8981,-90.5342,694.959,46015,Very limited,95.7,95.7
36023,Cortland County,NY,New York,42.594,-76.0762,498.774,45945,Very limited,98,98
42087,Mifflin County,PA,Pennsylvania,40.6016,-77.6518,411.037,45935,,,
39011,Auglaize County,OH,Ohio,40.5613,-84.224,401.388,45922,Very limited,96.4,96.4
37169,Stokes County,NC,North Carolina,36.3938,-80.2699,449.323,45857,Very limited,86.8,86.8
55095,Polk County,WI,Wisconsin,45.462,-92.4471,914.319,45831,Very limited,92.9,92.9
22115,Vernon Parish,LA,Louisiana,31.1028,-93.1883,1326.728,45819,Very limited,84.3,84.3
53017,Douglas County,WA,Washington,47.7418,-119.6946,1819.244,45795,Very limited,78.7,78.7
36017,Chenango County,NY,New York,42.478,-75.6022,893.443,45776,Very limited,98.3,98.3
29161,Phelps County,MO,Missouri,37.8663,-91.7904,671.787,45672,Very limited,94.2,94.2
18145,Shelby County,IN,Indiana,39.5241,-85.7922,411.136,45654,Very limited,98.6,98.6
50025,Windham County,VT,Vermont,42.9953,-72.7219,785.959,45627,Very limited,86,86
21009,Barren County,KY,Kentucky,36.9628,-85.9321,487.365,45609,,,
26059,Hillsdale County,MI,Michigan,41.9275,-84.6375,598.167,45590,Very limited,82.2,82.2
39097,Madison County,OH,Ohio,39.8966,-83.4009,466.688,45531,Very limited,99.5,99.5
27061,Itasca County,MN,Minnesota,47.4908,-93.6111,2667.474,45442,Very limited,80.4,80.4
51171,Shenandoah County,VA,Virginia,38.8562,-78.574,508.08,45441,Very limited,90.9,90.9
37059,Davie County,NC,North Carolina,35.9294,-80.5426,263.699,45383,Very limited,54.2,54.2
37099,Jackson County,NC,North Carolina,35.2855,-83.124,491.137,45281,Very limited,95.4,95.4
37111,McDowell County,NC,North Carolina,35.6823,-82.048,439.954,45269,Very limited,95.4,95.4
21107,Hopkins County,KY,Kentucky,37.3111,-87.5422,542.325,45218,Very limited,95.3,95.3
18093,Lawrence County,IN,Indiana,38.8398,-86.4878,449.146,45192,Very limited,84,84
47051,Franklin County,TN,Tennessee,35.1559,-86.0992,554.5,45137,Very limited,54.5,54.5
29027,Callaway County,MO,Missouri,38.8355,-91.9234,834.565,45126,Very limited,98.1,98.1
22117,Washington Parish,LA,Louisiana,30.8521,-90.0463,669.637,45090,Very limited,77.9,77.9
53047,Okanogan County,WA,Washington,48.5485,-119.7422,5266.193,44942,,,
08085,Montrose County,CO,Colorado,38.4075,-108.2663,2240.946,44806,,,
22087,St. Bernard Parish,LA,Louisiana,29.9181,-89.2635,377.528,44783,Not rated,57.8,42.2
51540,Charlottesville city,VA,Virginia,38.0377,-78.4854,10.245,44767,Somewhat limited,74.5,18.4
13219,Oconee County,GA,Georgia,33.8341,-83.4377,184.361,44751,,,
27067,Kandiyohi County,MN,Minnesota,45.1527,-95.005,797.352,44674,Very limited,86.1,86.1
39075,Holmes County,OH,Ohio,40.5656,-81.93,422.614,44668,Very limited,98.3,98.3
13233,Polk County,GA,Georgia,33.996,-85.1883,310.34,44610,,,
37013,Beaufort County,NC,North Carolina,35.4823,-76.842,832.711,44576,Very limited,84.1,84.1
48143,Erath County,TX,Texas,32.2362,-98.2183,1083.179,44496,Very limited,81.7,81.7
45025,Chesterfield County,SC,South Carolina,34.637,-80.1592,798.986,44488,Very limited,83.9,83.9
47047,Fayette County,TN,Tennessee,35.197,-89.4138,704.124,44476,Very limited,82,82
18033,DeKalb County,IN,Indiana,41.3968,-85.0027,362.834,44330,Very limited,94.7,94.7
39015,Brown County,OH,Ohio,38.9314,-83.8668,489.551,44292,Very limited,98.6,98.6
55031,Douglas County,WI,Wisconsin,46.4632,-91.8925,1304.272,44276,Very limited,93,93
48097,Cooke County,TX,Texas,33.6392,-97.2103,874.826,44258,Very limited,80.6,80.6
36025,Delaware County,NY,New York,42.194,-74.9667,1442.596,44191,Very limited,97.4,97.4
21101,Henderson County,KY,Kentucky,37.7925,-87.5726,436.361,44175,Very limited,81.4,81.4
12039,Gadsden County,FL,Florida,30.5787,-84.6126,516.375,44151,Very limited,75,75
29029,Camden County,MO,Missouri,38.0265,-92.7653,655.937,44135,Very limited,71.4,71.4
40137,Stephens County,OK,Oklahoma,34.4814,-97.8556,870.212,44075,Very limited,78.7,78.7
48459,Upshur County,TX,Texas,32.7353,-94.9412,582.98,44050,,,
33019,Sullivan County,NH,New Hampshire,43.3612,-72.2221,537.882,44012,Very limited,85.4,85.4
17117,Macoupin County,IL,Illinois,39.2659,-89.9263,862.995,43895,Very limited,89.9,89.9
13069,Coffee County,GA,Georgia,31.5492,-82.8449,592.263,43851,,,
29159,Pettis County,MO,Missouri,38.7274,-93.2852,682.237,43791,Very limited,98,98
39071,Highland County,OH,Ohio,39.1844,-83.6014,553.084,43785,Very limited,93.7,93.7
27059,Isanti County,MN,Minnesota,45.5624,-93.2963,435.781,43687,Very limited,95.5,95.5
13009,Baldwin County,GA,Georgia,33.0595,-83.2555,258.699,43644,,,
18037,Dubois County,IN,Indiana,38.3733,-86.8734,427.267,43629,Very limited,95.5,95.5
47177,Warren County,TN,Tennessee,35.6782,-85.7773,432.673,43619,Very limited,64.6,64.6
51683,Manassas city,VA,Virginia,38.7468,-77.4826,9.843,43616,,,
51149,Prince George County,VA,Virginia,37.1873,-77.221,265.342,43589,Very limited,83.4,83.4
40071,Kay County,OK,Oklahoma,36.8149,-97.1439,919.61,43437,Very limited,88.3,88.3
40121,Pittsburg County,OK,Oklahoma,34.9255,-95.7481,1305.512,43395,Very limited,94,94
55093,Pierce County,WI,Wisconsin,44.7253,-92.4263,574.018,43380,Very limited,85.4,85.4
42065,Jefferson County,PA,Pennsylvania,41.138,-79.0124,652.44,43367,Very limited,98.6,98.6
42061,Huntingdon County,PA,Pennsylvania,40.4223,-77.9686,874.592,43359,Very limited,89,89
49043,Summit County,UT,Utah,40.8721,-110.9685,1870.674,43109,,,
17177,Stephenson County,IL,Illinois,42.3497,-89.666,564.247,43088,Very limited,58,58
05005,Baxter County,AR,Arkansas,36.2803,-92.3299,553.929,43007,Very limited,83.3,83.3
16069,Nez Perce County,ID,Idaho,46.3338,-116.7609,848.32,42847,,,
39107,Mercer County,OH,Ohio,40.5353,-84.6321,462.447,42648,Very limited,95.1,95.1
47021,Cheatham County,TN,Tennessee,36.2552,-87.1008,302.498,42604,Very limited,80.6,80.6
06093,Siskiyou County,CA,California,41.588,-122.5333,6278.767,42498,,,
19033,Cerro Gordo County,IA,Iowa,43.075,-93.251,568.302,42493,Very limited,91.3,91.3
51187,Warren County,VA,Virginia,38.9082,-78.2076,214.572,42461,Very limited,86.2,86.2
12093,Okeechobee County,FL,Florida,27.3856,-80.8874,769.302,42369,Very limited,84.7,84.7
55075,Marinette County,WI,Wisconsin,45.3469,-87.9912,1399.468,42343,Very limited,84.8,84.8
37181,Vance County,NC,North Carolina,36.3655,-78.4054,252.401,42337,Somewhat limited,60.5,29.6
16057,Latah County,ID,Idaho,46.8189,-116.731,1075.867,42180,Very limited,97.5,97.5
42119,Union County,PA,Pennsylvania,40.9622,-77.0555,315.957,42159,Very limited,83.4,83.4
19139,Muscatine County,IA,Iowa,41.4838,-91.1187,437.44,42132,Very limited,93.6,93.6
51109,Louisa County,VA,Virginia,37.9727,-77.9598,495.064,42109,Somewhat limited,67.9,30.1
28149,Warren County,MS,Mississippi,32.3561,-90.8524,588.536,42105,Very limited,84.2,84.2
29225,Webster County,MO,Missouri,37.2808,-92.8761,592.563,42041,Very limited,88.6,88.6
48481,Wharton County,TX,Texas,29.2785,-96.2297,1086.144,42035,Very limited,97.7,97.7
39051,Fulton County,OH,Ohio,41.5973,-84.1243,405.45,42028,Very limited,99.3,99.3
06005,Amador County,CA,California,38.4435,-120.6539,594.585,42026,,,
39027,Clinton County,OH,Ohio,39.4167,-83.8046,408.731,42019,Very limited,98,98
51590,Danville city,VA,Virginia,36.5833,-79.4081,42.803,41993,,,
37153,Richmond County,NC,North Carolina,35.0046,-79.7557,473.689,41990,Very limited,69.7,69.7
05091,Miller County,AR,Arkansas,33.3055,-93.9015,624.04,41958,,,
26107,Mecosta County,MI,Michigan,43.6353,-85.3328,555.157,41947,Very limited,92.1,92.1
27009,Benton County,MN,Minnesota,45.7012,-94.0014,408.303,41881,Very limited,98.1,98.1
29023,Butler County,MO,Missouri,36.7152,-90.4031,694.754,41814,Very limited,91.7,91.7
40041,Delaware County,OK,Oklahoma,36.3934,-94.8082,737.751,41771,Very limited,61.7,61.7
13277,Tift County,GA,Georgia,31.457,-83.5259,260.89,41708,Very limited,94,94
39033,Crawford County,OH,Ohio,40.8485,-82.9248,401.786,41626,Very limited,98.1,98.1
37139,Pasquotank County,NC,North Carolina,36.2652,-76.2607,226.878,41418,Very limited,74.2,74.2
26057,Gratiot County,MI,Michigan,43.2923,-84.6047,568.382,41372,Very limited,98.3,98.3
13213,Murray County,GA,Georgia,34.7971,-84.738,344.494,41316,,,
55115,Shawano County,WI,Wisconsin,44.7896,-88.7558,893.225,41299,Very limited,82.3,82.3
56037,Sweetwater County,WY,Wyoming,41.6603,-108.8757,10426.981,41273,,,
28151,Washington County,MS,Mississippi,33.2732,-90.9444,724.147,41181,Very limited,92.6,92.6
18087,LaGrange County,IN,Indiana,41.6425,-85.4278,379.632,41122,Very limited,96.8,96.8
54069,Ohio County,WV,West Virginia,40.1003,-80.6199,106.035,41090,,,
41007,Clatsop County,OR,Oregon,46.0245,-123.705,828.241,41043,Very limited,89.9,89.9
23013,Knox County,ME,Maine,44.042,-69.0385,364.902,40981,,,
51093,Isle of Wight County,VA,Virginia,36.9014,-76.7076,315.685,40942,Very limited,83.2,83.2
27099,Mower County,MN,Minnesota,43.6662,-92.7595,711.273,40900,Very limited,98.4,98.4
39135,Preble County,OH,Ohio,39.7388,-84.6448,424.226,40801,Very limited,97.2,97.2
38105,Williams County,ND,North Dakota,48.3558,-103.5013,2077.6,40763,Very limited,57.4,57.4
29091,Howell County,MO,Missouri,36.7744,-91.8874,927.177,40762,Very limited,63.2,63.2
01123,Tallapoosa County,AL,Alabama,32.8633,-85.7996,716.539,40699,Very limited,46.9,46.9
42117,Tioga County,PA,Pennsylvania,41.7669,-77.2573,1133.892,40698,Very limited,97.9,97.9
23027,Waldo County,ME,Maine,44.475,-69.1174,730.227,40617,Very limited,86.1,86.1
40135,Sequoyah County,OK,Oklahoma,35.5024,-94.7508,673.575,40555,Very limited,90.7,90.7
19127,Marshall County,IA,Iowa,42.0417,-92.9814,572.503,40392,Very limited,94.1,94.1
26151,Sanilac County,MI,Michigan,43.4492,-82.6428,962.571,40293,Very limited,88.1,88.1
04009,Graham County,AZ,Arizona,32.9318,-109.8783,4621.877,40242,,,
47013,Campbell County,TN,Tennessee,36.4016,-84.1592,480.19,40238,Very limited,90.2,90.2
51073,Gloucester County,VA,Virginia,37.4035,-76.5235,217.815,40154,Very limited,76.8,76.8
40097,Mayes County,OK,Oklahoma,36.3038,-95.2356,655.326,40144,Very limited,76.5,76.5
37145,Person County,NC,North Carolina,36.3883,-78.9737,392.34,40143,Very limited,54.7,54.7
55083,Oconto County,WI,Wisconsin,44.9966,-88.2065,997.48,40037,Very limited,86.3,86.3
18061,Harrison County,IN,Indiana,38.1865,-86.1038,484.081,39978,Very limited,78,78
35039,Rio Arriba County,NM,New Mexico,36.5097,-106.694,5860.876,39955,,,
27041,Douglas County,MN,Minnesota,45.9368,-95.4622,636.882,39933,Very limited,73.9,73.9
56013,Fremont County,WY,Wyoming,43.0548,-108.6089,9183.597,39721,,,
22095,St. John the Baptist Parish,LA,Louisiana,30.1441,-90.491,214.474,39694,Very limited,58.2,58.2
39123,Ottawa County,OH,Ohio,41.5455,-83.0126,254.685,39692,Very limited,81.4,81.4
36073,Orleans County,NY,New York,43.3399,-78.207,391.262,39686,Very limited,96.6,96.6
42109,Snyder County,PA,Pennsylvania,40.7554,-77.073,328.784,39627,Very limited,93.3,93.3
36121,Wyoming County,NY,New York,42.7014,-78.2286,592.7,39588,Very limited,95.6,95.6
42083,McKean County,PA,Pennsylvania,41.8146,-78.5725,979.694,39478,Very limited,98.9,98.9
56001,Albany County,WY,Wyoming,41.6655,-105.7219,4274.175,39288,,,
45029,Colleton County,SC,South Carolina,32.8494,-80.6564,1056.509,39259,Very limited,93.1,93.1
45071,Newberry County,SC,South Carolina,34.2899,-81.5997,630.339,39203,Very limited,48.6,48.6
29109,Lawrence County,MO,Missouri,37.1066,-93.8305,611.753,39151,Very limited,97.4,97.4
51137,Orange County,VA,Virginia,38.2493,-78.0111,340.548,38986,Somewhat limited,61.2,37.4
28113,Pike County,MS,Mississippi,31.1775,-90.3977,409.185,38980,Very limited,95.4,95.4
21035,Calloway County,KY,Kentucky,36.621,-88.2741,384.863,38975,,,
39021,Champaign County,OH,Ohio,40.1328,-83.7676,428.977,38907,Very limited,99.3,99.3
20037,Crawford County,KS,Kansas,37.5058,-94.8539,589.771,38904,Very limited,99,99
48249,Jim Wells County,TX,Texas,27.7335,-98.0908,865.176,38886,Very limited,72.6,72.6
51185,Tazewell County,VA,Virginia,37.1254,-81.5629,518.791,38875,Very limited,88.9,88.9
48223,Hopkins County,TX,Texas,33.149,-95.5654,767.431,38784,,,
48217,Hill County,TX,Texas,31.9826,-97.1306,958.859,38771,Very limited,86.1,86.1
37113,Macon County,NC,North Carolina,35.153,-83.4219,515.529,38717,Very limited,92.8,92.8
48147,Fannin County,TX,Texas,33.5912,-96.105,877.939,38650,Very limited,91.4,91.4
39039,Defiance County,OH,Ohio,41.3217,-84.4864,411.439,38644,Very limited,98.6,98.6
05009,Boone County,AR,Arkansas,36.3043,-93.0792,589.723,38636,Very limited,91.9,91.9
18107,Montgomery County,IN,Indiana,40.0403,-86.8927,504.627,38633,Very limited,96.4,96.4
48049,Brown County,TX,Texas,31.7641,-98.9985,944.452,38631,,,
54019,Fayette County,WV,West Virginia,38.031,-81.0861,661.957,38600,,,
29219,Warren County,MO,Missouri,38.7619,-91.1593,428.596,38478,Very limited,96.3,96.3
19057,Des Moines County,IA,Iowa,40.9153,-91.1869,416.129,38411,Very limited,95.3,95.3
22009,Avoyelles Parish,LA,Louisiana,31.0885,-91.9833,831.363,38373,Very limited,79.2,79.2
20055,Finney County,KS,Kansas,38.0498,-100.74,1301.997,38354,Very limited,75.2,75.2
05063,Independence County,AR,Arkansas,35.7375,-91.5599,763.712,38345,Very limited,89.8,89.8
40123,Pontotoc County,OK,Oklahoma,34.7214,-96.6918,720.353,38310,Very limited,89.9,89.9
49047,Uintah County,UT,Utah,40.1259,-109.5177,4482.881,38307,Very limited,77.6,77.6
17203,Woodford County,IL,Illinois,40.7898,-89.2106,527.557,38290,Very limited,90.8,90.8
24041,Talbot County,MD,Maryland,38.7483,-76.1785,268.556,38244,Very limited,74.7,74.7
39059,Guernsey County,OH,Ohio,40.0567,-81.4979,522.242,38219,Very limited,94.5,94.5
37055,Dare County,NC,North Carolina,35.6063,-75.7675,383.229,38183,Not rated,71.1,28.9
55085,Oneida County,WI,Wisconsin,45.7162,-89.5345,1113.946,38175,Very limited,88.6,88.6
19099,Jasper County,IA,Iowa,41.6856,-93.0541,730.428,38107,Very limited,96.3,96.3
42115,Susquehanna County,PA,Pennsylvania,41.8197,-75.801,823.494,38100,Very limited,96.7,96.7
05093,Mississippi County,AR,Arkansas,35.7669,-90.0522,902.093,38095,Very limited,95,95
50001,Addison County,VT,Vermont,44.0312,-73.1416,766.332,38047,Very limited,82.7,82.7
26061,Houghton County,MI,Michigan,46.9984,-88.6519,1009.103,38041,Very limited,93.5,93.5
37197,Yadkin County,NC,North Carolina,36.1588,-80.6652,334.943,37995,Somewhat limited,59.7,39
29201,Scott County,MO,Missouri,37.0478,-89.5681,420.006,37957,Very limited,88.4,88.4
31053,Dodge County,NE,Nebraska,41.577,-96.6459,528.844,37884,Very limited,94.2,94.2
42035,Clinton County,PA,Pennsylvania,41.2395,-77.629,889.63,37865,Very limited,85.8,85.8
49051,Wasatch County,UT,Utah,40.3349,-111.1616,1176.952,37858,,,
47117,Marshall County,TN,Tennessee,35.4683,-86.7659,375.462,37847,Very limited,82.5,82.5
48477,Washington County,TX,Texas,30.2151,-96.4103,604.196,37810,Very limited,92.2,92.2
18133,Putnam County,IN,Indiana,39.6655,-86.8534,480.536,37804,Very limited,93.5,93.5
01039,Covington County,AL,Alabama,31.244,-86.4487,1030.573,37748,Very limited,49.7,49.7
21049,Clark County,KY,Kentucky,37.9703,-84.1451,252.482,37673,Very limited,92.4,92.4
47029,Cocke County,TN,Tennessee,35.9162,-83.1192,436.138,37596,,,
54099,Wayne County,WV,West Virginia,38.1436,-82.4227,506.005,37589,Very limited,94.8,94.8
23023,Sagadahoc County,ME,Maine,43.9168,-69.8442,253.979,37582,,,
18017,Cass County,IN,Indiana,40.7538,-86.3552,412.144,37559,Very limited,87,87
46013,Brown County,SD,South Dakota,45.5893,-98.3522,1713.03,37495,Very limited,49.8,49.8
27147,Steele County,MN,Minnesota,44.0152,-93.2361,429.588,37434,Very limited,96.6,96.6
42123,Warren County,PA,Pennsylvania,41.8343,-79.2982,884.293,37373,,,
21235,Whitley County,KY,Kentucky,36.758,-84.1446,437.921,37233,,,
55045,Green County,WI,Wisconsin,42.6755,-89.6051,584.044,37183,Very limited,85.5,85.5
12129,Wakulla County,FL,Florida,30.0913,-84.3591,606.42,37115,Very limited,88.8,88.8
17027,Clinton County,IL,Illinois,38.6063,-89.4262,473.941,37087,Very limited,87.4,87.4
40111,Okmulgee County,OK,Oklahoma,35.6435,-95.9659,697.443,37084,Very limited,97.7,97.7
50003,Bennington County,VT,Vermont,43.0353,-73.1115,674.237,37039,Very limited,96.1,96.1
17055,Franklin County,IL,Illinois,37.9919,-88.9263,408.935,37033,Very limited,90.3,90.3
05139,Union County,AR,Arkansas,33.1682,-92.5981,1039.067,37008,Very limited,95.8,95.8
39031,Coshocton County,OH,Ohio,40.2967,-81.9301,563.911,37003,Very limited,94.9,94.9
18069,Huntington County,IN,Indiana,40.8264,-85.4786,382.639,36944,Very limited,96.7,96.7
13145,Harris County,GA,Georgia,32.7315,-84.9124,463.825,36929,,,
19187,Webster County,IA,Iowa,42.4336,-94.1758,715.704,36909,Very limited,93,93
42031,Clarion County,PA,Pennsylvania,41.1982,-79.4204,600.836,36855,Very limited,97.6,97.6
21083,Graves County,KY,Kentucky,36.7233,-88.6499,551.757,36821,Very limited,80,80
27085,McLeod County,MN,Minnesota,44.8217,-94.2723,491.51,36780,Very limited,90.5,90.5
47103,Lincoln County,TN,Tennessee,35.1428,-86.5934,570.342,36751,Very limited,84,84
27017,Carlton County,MN,Minnesota,46.6038,-92.671,861.195,36745,Very limited,88.1,88.1
12027,DeSoto County,FL,Florida,27.1906,-81.8063,636.695,36744,Very limited,99.4,99.4
36031,Essex County,NY,New York,44.1096,-73.7784,1794.122,36744,Very limited,90.7,90.7
29105,Laclede County,MO,Missouri,37.6597,-92.5948,764.684,36738,Very limited,90.6,90.6
22011,Beauregard Parish,LA,Louisiana,30.645,-93.3403,1157.478,36695,Very limited,89.1,89.1
37003,Alexander County,NC,North Carolina,35.921,-81.1775,259.989,36693,Very limited,81.3,81.3
26041,Delta County,MI,Michigan,45.8052,-86.9019,1171.094,36687,Very limited,87,87
01053,Escambia County,AL,Alabama,31.1223,-87.1684,945.408,36630,Very limited,42.1,42.1
18001,Adams County,IN,Indiana,40.7457,-84.9361,338.925,36584,Very limited,97.8,97.8
13227,Pickens County,GA,Georgia,34.4568,-84.4904,232.055,36580,,,
19167,Sioux County,IA,Iowa,43.0826,-96.178,767.911,36554,Very limited,96,96
39171,Williams County,OH,Ohio,41.565,-84.5843,420.66,36554,Very limited,98.4,98.4
23015,Lincoln County,ME,Maine,43.9948,-69.5136,455.867,36491,,,
17121,Marion County,IL,Illinois,38.6482,-88.9204,572.538,36437,Very limited,98.1,98.1
47045,Dyer County,TN,Tennessee,36.0523,-89.4046,512.351,36403,Very limited,88.6,88.6
48321,Matagorda County,TX,Texas,28.7748,-96.0015,1093.131,36391,Very limited,74.3,74.3
46011,Brookings County,SD,South Dakota,44.3767,-96.7978,792.217,36359,Very limited,96.5,96.5
26033,Chippewa County,MI,Michigan,46.3218,-84.5206,1558.515,36253,Very limited,82.7,82.7
13299,Ware County,GA,Georgia,31.0509,-82.4215,899.361,36222,Very limited,99.3,99.3
30093,Silver Bow County,MT,Montana,45.8962,-112.6601,717.99,36134,,,
17081,Jefferson County,IL,Illinois,38.3008,-88.9242,571.237,36107,Very limited,93.2,93.2
13187,Lumpkin County,GA,Georgia,34.5681,-83.9989,281.433,36016,,,
22069,Natchitoches Parish,LA,Louisiana,31.7325,-93.0825,1253.008,35982,Very limited,87.6,87.6
39117,Morrow County,OH,Ohio,40.5253,-82.7977,406.134,35927,Very limited,99.4,99.4
18083,Knox County,IN,Indiana,38.6884,-87.4204,515.831,35872,Very limited,70.9,70.9
20121,Miami County,KS,Kansas,38.5668,-94.833,575.88,35737,Very limited,97.7,97.7
31157,Scotts Bluff County,NE,Nebraska,41.8505,-103.703,739.621,35734,Very limited,47.5,47.5
39127,Perry County,OH,Ohio,39.7432,-82.238,407.94,35682,Very limited,87.8,87.8
19179,Wapello County,IA,Iowa,41.0313,-92.4095,431.848,35681,Very limited,97.4,97.4
29009,Barry County,MO,Missouri,36.6994,-93.8343,778.123,35618,Very limited,84.2,84.2
45053,Jasper County,SC,South Carolina,32.4306,-81.0216,655.135,35618,Very limited,93.8,93.8
18103,Miami County,IN,Indiana,40.7728,-86.0442,373.842,35613,Very limited,95.1,95.1
31119,Madison County,NE,Nebraska,41.9099,-97.6069,572.612,35579,Very limited,70.9,70.9
01047,Dallas County,AL,Alabama,32.3335,-87.1144,978.741,35545,Very limited,83.3,83.3
31141,Platte County,NE,Nebraska,41.5769,-97.5135,675.118,35499,Very limited,62.2,62.2
20061,Geary County,KS,Kansas,39.0021,-96.7681,384.652,35459,Very limited,90.3,90.3
27005,Becker County,MN,Minnesota,46.9376,-95.7418,1315.037,35444,Very limited,77.3,77.3
17105,Livingston County,IL,Illinois,40.8944,-88.5529,1043.628,35375,Very limited,99.1,99.1
21089,Greenup County,KY,Kentucky,38.5636,-82.9338,344.455,35273,,,
22119,Webster Parish,LA,Louisiana,32.7322,-93.3398,593.319,35184,Very limited,91.3,91.3
51195,Wise County,VA,Virginia,36.9746,-82.6216,403.443,34973,Very limited,89.7,89.7
40081,Lincoln County,OK,Oklahoma,35.7031,-96.8814,952.372,34972,Very limited,95.4,95.4
17133,Monroe County,IL,Illinois,38.278,-90.1791,385.301,34969,Very limited,85.2,85.2
28085,Lincoln County,MS,Mississippi,31.5352,-90.4536,586.207,34956,Very limited,98.1,98.1
18183,Whitley County,IN,Indiana,41.1364,-85.5019,335.622,34885,Very limited,97.9,97.9
18151,Steuben County,IN,Indiana,41.6435,-85.0024,308.79,34862,Very limited,80.2,80.2
16051,Jefferson County,ID,Idaho,43.797,-112.3186,1093.681,34854,,,
55019,Clark County,WI,Wisconsin,44.7392,-90.6099,1209.698,34801,Very limited,99.1,99.1
47143,Rhea County,TN,Tennessee,35.6006,-84.9495,315.494,34759,Very limited,78.1,78.1
17049,Effingham County,IL,Illinois,39.0479,-88.5928,478.767,34602,Very limited,95.4,95.4
21071,Floyd County,KY,Kentucky,37.5525,-82.7397,393.301,34532,,,
27097,Morrison County,MN,Minnesota,46.0205,-94.2666,1125.1,34520,Very limited,95.3,95.3
27103,Nicollet County,MN,Minnesota,44.3588,-94.2457,448.504,34493,Very limited,91.4,91.4
35055,Taos County,NM,New Mexico,36.5772,-105.6389,2202.373,34482,,,
26165,Wexford County,MI,Michigan,44.3314,-85.57,564.924,34460,,,
28093,Marshall County,MS,Mississippi,34.7662,-89.5042,706.192,34374,Very limited,94.8,94.8
24011,Caroline County,MD,Maryland,38.8715,-75.8317,319.442,34248,Very limited,97.4,97.4
28003,Alcorn County,MS,Mississippi,34.8866,-88.5811,400.047,34228,Very limited,96.8,96.8
39137,Putnam County,OH,Ohio,41.0245,-84.1299,482.544,34206,Very limited,99.3,99.3
38059,Morton County,ND,North Dakota,46.71,-101.31,1925.888,34194,Very limited,80,80
20035,Cowley County,KS,Kansas,37.2345,-96.8372,1125.738,34186,Very limited,92.9,92.9
51023,Botetourt County,VA,Virginia,37.5655,-79.7975,541.276,34129,Very limited,80.2,80.2
37175,Transylvania County,NC,North Carolina,35.2101,-82.8167,378.365,34103,Very limited,93.9,93.9
18027,Daviess County,IN,Indiana,38.6961,-87.0769,429.514,34097,Very limited,93.7,93.7
13177,Lee County,GA,Georgia,31.8184,-84.1467,355.912,34073,,,
20057,Ford County,KS,Kansas,37.6885,-99.8847,1098.271,34072,Very limited,74.4,74.4
51730,Petersburg city,VA,Virginia,37.2047,-77.3924,22.72,34058,,,
54077,Preston County,WV,West Virginia,39.469,-79.6689,648.814,34055,Very limited,96.3,96.3
19125,Marion County,IA,Iowa,41.3314,-93.0939,554.49,34048,Very limited,92.3,92.3
42059,Greene County,PA,Pennsylvania,39.8477,-80.2257,575.932,33960,,,
26047,Emmet County,MI,Michigan,45.5901,-84.9868,467.546,33949,Very limited,94.6,94.6
53031,Jefferson County,WA,Washington,47.8057,-123.5271,1803.728,33944,,,
37165,Scotland County,NC,North Carolina,34.84,-79.4773,319.14,33898,Very limited,62.6,62.6
01017,Chambers County,AL,Alabama,32.9155,-85.394,596.559,33813,Very limited,54.7,54.7
38089,Stark County,ND,North Dakota,46.817,-102.662,1334.914,33767,Very limited,82.4,82.4
13085,Dawson County,GA,Georgia,34.4426,-84.1733,210.828,33748,,,
20079,Harvey County,KS,Kansas,38.0501,-97.4367,539.756,33642,Very limited,98.3,98.3
51155,Pulaski County,VA,Virginia,37.0634,-80.7134,319.84,33579,Very limited,83.5,83.5
01079,Lawrence County,AL,Alabama,34.5298,-87.3219,690.685,33567,Very limited,75.2,75.2
17103,Lee County,IL,Illinois,41.7474,-89.2994,724.769,33544,Very limited,83.9,83.9
29107,Lafayette County,MO,Missouri,39.0687,-93.8026,628.284,33511,Very limited,84.5,84.5
28095,Monroe County,MS,Mississippi,33.89,-88.485,765.128,33483,Very limited,94,94
51033,Caroline County,VA,Virginia,38.028,-77.3537,527.365,33477,Very limited,69.7,69.7
48185,Grimes County,TX,Texas,30.5432,-95.9881,787.47,33448,Very limited,95.3,95.3
51083,Halifax County,VA,Virginia,36.7665,-78.9396,817.731,33448,Very limited,63,63
51001,Accomack County,VA,Virginia,37.7659,-75.7578,449.305,33411,Very limited,76.7,76.7
30047,Lake County,MT,Montana,47.6429,-114.0837,1490.505,33403,,,
18073,Jasper County,IN,Indiana,41.0177,-87.1188,559.68,33387,Very limited,97.4,97.4
13123,Gilmer County,GA,Georgia,34.6905,-84.4548,426.181,33327,,,
31111,Lincoln County,NE,Nebraska,41.0503,-100.7445,2564.155,33319,Very limited,88.2,88.2
05059,Hot Spring County,AR,Arkansas,34.3152,-92.9441,614.944,33313,Very limited,83.4,83.4
17021,Christian County,IL,Illinois,39.5455,-89.2796,709.483,33247,Very limited,88.9,88.9
47183,Weakley County,TN,Tennessee,36.3036,-88.7212,580.353,33162,Very limited,93.6,93.6
24019,Dorchester County,MD,Maryland,38.4292,-76.0474,540.765,33138,Very limited,79.6,79.6
01109,Pike County,AL,Alabama,31.7987,-85.9416,672.067,33124,Very limited,56.3,56.3
29167,Polk County,MO,Missouri,37.6168,-93.4008,635.527,33070,Very limited,91.7,91.7
47025,Claiborne County,TN,Tennessee,36.5016,-83.6607,434.643,33070,Very limited,87.5,87.5
18051,Gibson County,IN,Indiana,38.3174,-87.5805,487.378,33038,Very limited,79.8,79.8
56033,Sheridan County,WY,Wyoming,44.7814,-106.8812,2523.361,32978,,,
18077,Jefferson County,IN,Indiana,38.7836,-85.4401,360.699,32921,Very limited,90.4,90.4
48241,Jasper County,TX,Texas,30.7529,-94.0223,938.655,32907,,,
18023,Clinton County,IN,Indiana,40.3059,-86.4776,405.067,32895,Very limited,97.9,97.9
47079,Henry County,TN,Tennessee,36.3253,-88.3003,561.902,32883,Very limited,86,86
13195,Madison County,GA,Georgia,34.1275,-83.2087,282.324,32771,,,
28107,Panola County,MS,Mississippi,34.3652,-89.9631,685.18,32764,Very limited,94.1,94.1
39079,Jackson County,OH,Ohio,39.0135,-82.6141,420.31,32723,Very limited,93.9,93.9
36099,Seneca County,NY,New York,42.7823,-76.8271,323.699,32650,Very limited,66.3,66.3
29209,Stone County,MO,Missouri,36.7458,-93.4578,463.813,32630,Very limited,64.5,64.5
17137,Morgan County,IL,Illinois,39.7177,-90.205,568.959,32618,Very limited,62.9,62.9
48015,Austin County,TX,Texas,29.8919,-96.2702,646.514,32546,,,
20111,Lyon County,KS,Kansas,38.4554,-96.1616,847.477,32520,Very limited,99.2,99.2
17057,Fulton County,IL,Illinois,40.4652,-90.2023,865.694,32510,Very limited,58.9,58.9
17011,Bureau County,IL,Illinois,41.4013,-89.5284,869.071,32486,Very limited,72.9,72.9
13143,Haralson County,GA,Georgia,33.7952,-85.2201,282.165,32404,,,
51145,Powhatan County,VA,Virginia,37.5494,-77.9129,260.202,32392,Somewhat limited,59.5,39.3
19111,Lee County,IA,Iowa,40.6476,-91.4772,517.55,32376,Very limited,94.2,94.2
45023,Chester County,SC,South Carolina,34.6893,-81.1612,580.865,32323,Very limited,63.6,63.6
41045,Malheur County,OR,Oregon,43.1886,-117.6032,9887.707,32315,,,
37053,Currituck County,NC,North Carolina,36.3722,-75.9412,261.91,32278,Very limited,55.6,55.6
08029,Delta County,CO,Colorado,38.8614,-107.865,1142.126,32215,,,
13305,Wayne County,GA,Georgia,31.5478,-81.9124,641.813,32132,Very limited,98.6,98.6
28115,Pontotoc County,MS,Mississippi,34.2271,-89.0372,497.813,32014,Very limited,98.8,98.8
48189,Hale County,TX,Texas,34.0684,-101.8229,1004.68,31953,Very limited,85.9,85.9
01059,Franklin County,AL,Alabama,34.442,-87.8428,633.959,31874,Very limited,93.7,93.7
54025,Greenbrier County,WV,West Virginia,37.9244,-80.4506,1019.819,31851,Very limited,93,93
22039,Evangeline Parish,LA,Louisiana,30.7207,-92.4041,662.431,31745,Very limited,94.4,94.4
21157,Marshall County,KY,Kentucky,36.882,-88.3328,302.126,31734,,,
51009,Amherst County,VA,Virginia,37.6293,-79.1548,473.962,31650,Very limited,66.3,66.3
02110,Juneau City and Borough,AK,Alaska,58.3729,-134.1784,2702.924,31572,,,
48449,Titus County,TX,Texas,33.2146,-94.9668,406.302,31547,,,
27021,Cass County,MN,Minnesota,46.9517,-94.3337,2021.484,31442,Very limited,78.2,78.2
13207,Monroe County,GA,Georgia,33.0188,-83.9218,396.092,31437,Somewhat limited,67.4,29.1
22053,Jefferson Davis Parish,LA,Louisiana,30.2695,-92.8162,651.52,31436,Very limited,98.2,98.2
26035,Clare County,MI,Michigan,43.9911,-84.8383,564.367,31405,Very limited,97.2,97.2
21021,Boyle County,KY,Kentucky,37.6181,-84.8684,180.336,31394,,,
23029,Washington County,ME,Maine,44.967,-67.6094,2562.726,31383,,,
55123,Vernon County,WI,Wisconsin,43.5994,-90.822,791.563,31351,Very limited,82.5,82.5
48025,Bee County,TX,Texas,28.4161,-97.7426,880.239,31226,Very limited,77.4,77.4
18055,Greene County,IN,Indiana,39.0471,-87.0048,542.469,31219,Very limited,94.1,94.1
31001,Adams County,NE,Nebraska,40.5206,-98.5,563.26,31196,Very limited,75.9,75.9
33007,Coos County,NH,New Hampshire,44.6525,-71.2894,1794.574,31094,,,
56029,Park County,WY,Wyoming,44.4924,-109.5936,6939.039,31082,,,
45027,Clarendon County,SC,South Carolina,33.6647,-80.2179,607.208,31030,Very limited,87,87
47055,Giles County,TN,Tennessee,35.2027,-87.0353,610.931,30971,Very limited,81.6,81.6
46093,Meade County,SD,South Dakota,44.6053,-102.7142,3470.934,30918,,,
23007,Franklin County,ME,Maine,44.9767,-70.4149,1697.007,30902,,,
08117,Summit County,CO,Colorado,39.621,-106.1376,608.328,30882,,,
48227,Howard County,TX,Texas,32.3034,-101.4387,900.79,30833,Very limited,50.9,50.9
51117,Mecklenburg County,VA,Virginia,36.6873,-78.369,625.31,30824,Somewhat limited,55,35.7
40089,McCurtain County,OK,Oklahoma,34.1171,-94.7661,1850.782,30805,Very limited,84.4,84.4
55121,Trempealeau County,WI,Wisconsin,44.303,-91.3589,732.966,30801,Very limited,90.9,90.9
26063,Huron County,MI,Michigan,43.9076,-82.857,835.917,30780,Very limited,95.3,95.3
18169,Wabash County,IN,Indiana,40.8437,-85.7952,412.539,30777,Very limited,94.4,94.4
49039,Sanpete County,UT,Utah,39.3734,-111.5769,1589.816,30732,,,
54045,Logan County,WV,West Virginia,37.8306,-81.9409,452.904,30560,,,
50005,Caledonia County,VT,Vermont,44.4688,-72.1122,649.214,30535,Very limited,96.1,96.1
21177,Muhlenberg County,KY,Kentucky,37.2138,-87.1341,467.281,30512,,,
55029,Door County,WI,Wisconsin,45.0934,-87.0487,481.936,30512,Very limited,89.8,89.8
20125,Montgomery County,KS,Kansas,37.1895,-95.7424,643.594,30459,Very limited,97.2,97.2
21163,Meade County,KY,Kentucky,37.9675,-86.2009,305.465,30442,,,
48273,Kleberg County,TX,Texas,27.4387,-97.6606,881.306,30442,,,
27119,Polk County,MN,Minnesota,47.7743,-96.4,1970.996,30413,Very limited,89.7,89.7
40115,Ottawa County,OK,Oklahoma,36.8358,-94.8027,470.817,30404,Very limited,85.9,85.9
39065,Hardin County,OH,Ohio,40.6604,-83.6641,470.285,30402,Very limited,99.4,99.4
37039,Cherokee County,NC,North Carolina,35.1371,-84.0614,455.54,30373,Very limited,90.2,90.2
20113,McPherson County,KS,Kansas,38.3958,-97.6475,898.285,30334,Very limited,91.6,91.6
27115,Pine County,MN,Minnesota,46.1009,-92.7631,1411.333,30319,Very limited,66.3,66.3
27047,Freeborn County,MN,Minnesota,43.6742,-93.3503,707.246,30314,Very limited,88.9,88.9
08087,Morgan County,CO,Colorado,40.2621,-103.8072,1280.493,30300,Very limited,54.5,54.5
47131,Obion County,TN,Tennessee,36.3619,-89.1481,544.851,30261,Very limited,83.4,83.4
48363,Palo Pinto County,TX,Texas,32.7522,-98.318,952.549,30231,Very limited,91.4,91.4
36095,Schoharie County,NY,New York,42.5913,-74.4382,621.819,30151,Very limited,96.4,96.4
42047,Elk County,PA,Pennsylvania,41.4273,-78.6539,826.901,30124,,,
50017,Orange County,VT,Vermont,44.0034,-72.3696,687.009,30050,Very limited,98.6,98.6
51630,Fredericksburg city,VA,Virginia,38.2993,-77.4867,10.45,29992,Very limited,48.5,48.5
17157,Randolph County,IL,Illinois,38.0565,-89.8212,575.367,29903,Very limited,84.6,84.6
45089,Williamsburg County,SC,South Carolina,33.6265,-79.7165,934.166,29865,Very limited,97.2,97.2
47115,Marion County,TN,Tennessee,35.1334,-85.6184,498.254,29826,Very limited,84.1,84.1
37017,Bladen County,NC,North Carolina,34.5919,-78.5395,874.956,29777,Very limited,86.9,86.9
22047,Iberville Parish,LA,Louisiana,30.2707,-91.3659,617.275,29766,Very limited,92.8,92.8
16039,Elmore County,ID,Idaho,43.3947,-115.4712,3075.079,29729,,,
13311,White County,GA,Georgia,34.6442,-83.743,240.773,29668,,,
21121,Knox County,KY,Kentucky,36.8885,-83.8556,386.33,29657,,,
27079,Le Sueur County,MN,Minnesota,44.3734,-93.7301,448.756,29458,Very limited,91.6,91.6
45037,Edgefield County,SC,South Carolina,33.7795,-81.9596,500.688,29455,Somewhat limited,60.8,38.6
13087,Decatur County,GA,Georgia,30.8806,-84.5839,597.239,29391,Very limited,46.8,46.8
08039,Elbert County,CO,Colorado,39.3152,-104.1141,1850.086,29382,,,
54051,Marshall County,WV,West Virginia,39.8544,-80.6718,305.396,29354,Very limited,93.9,93.9
48407,San Jacinto County,TX,Texas,30.5744,-95.1631,569.244,29326,,,
12003,Baker County,FL,Florida,30.3244,-82.3023,585.23,29325,Very limited,99,99
01093,Marion County,AL,Alabama,34.1382,-87.8816,742.342,29323,Very limited,83.6,83.6
46029,Codington County,SD,South Dakota,44.9663,-97.1988,687.585,29278,Very limited,95.4,95.4
51035,Carroll County,VA,Virginia,36.732,-80.7278,474.742,29242,Very limited,75.3,75.3
18137,Ripley County,IN,Indiana,39.1002,-85.2605,446.432,29214,Very limited,98,98
13225,Peach County,GA,Georgia,32.5716,-83.8315,150.284,29213,,,
51173,Smyth County,VA,Virginia,36.8423,-81.5398,451.439,29137,Very limited,77.9,77.9
47185,White County,TN,Tennessee,35.927,-85.4558,376.678,29108,,,
47017,Carroll County,TN,Tennessee,35.9657,-88.4524,597.658,29107,Very limited,96.5,96.5
26105,Mason County,MI,Michigan,43.9572,-86.4429,494.969,29093,Very limited,89.6,89.6
13169,Jones County,GA,Georgia,33.0217,-83.5622,393.942,29047,,,
20051,Ellis County,KS,Kansas,38.9146,-99.3173,899.934,29007,Very limited,65.5,65.5
28099,Neshoba County,MS,Mississippi,32.7525,-89.1193,570.134,28973,Very limited,93.3,93.3
13261,Sumter County,GA,Georgia,32.0423,-84.2043,482.877,28972,,,
05015,Carroll County,AR,Arkansas,36.3374,-93.541,629.928,28968,Very limited,89.8,89.8
26007,Alpena County,MI,Michigan,44.895,-83.4266,571.899,28903,Very limited,86.1,86.1
39161,Van Wert County,OH,Ohio,40.8555,-84.5858,409.15,28887,Very limited,99.6,99.6
39053,Gallia County,OH,Ohio,38.817,-82.3017,466.53,28886,Very limited,98.4,98.4
51099,King George County,VA,Virginia,38.2772,-77.1626,179.628,28816,,,
46081,Lawrence County,SD,South Dakota,44.3485,-103.8064,800.053,28809,Very limited,89.6,89.6
18179,Wells County,IN,Indiana,40.7355,-85.2133,368.087,28798,Very limited,98.4,98.4
39047,Fayette County,OH,Ohio,39.5552,-83.4619,406.361,28782,Very limited,99.7,99.7
21173,Montgomery County,KY,Kentucky,38.0381,-83.9124,197.377,28771,Very limited,93.6,93.6
51065,Fluvanna County,VA,Virginia,37.8306,-78.2835,287.12,28746,Somewhat limited,51.5,46.5
28001,Adams County,MS,Mississippi,31.4862,-91.3518,462.344,28674,Very limited,69,69
48067,Cass County,TX,Texas,33.0837,-94.3576,936.947,28622,,,
51053,Dinwiddie County,VA,Virginia,37.0735,-77.6355,503.826,28576,,,
28137,Tate County,MS,Mississippi,34.6496,-89.9431,404.763,28551,Very limited,86.3,86.3
21141,Logan County,KY,Kentucky,36.8596,-86.8813,552.222,28467,Very limited,58.1,58.1
55069,Lincoln County,WI,Wisconsin,45.3331,-89.7322,878.778,28461,Very limited,96.3,96.3
29207,Stoddard County,MO,Missouri,36.8516,-89.9475,823.142,28438,Very limited,91,91
22121,West Baton Rouge Parish,LA,Louisiana,30.4641,-91.3098,192.346,28425,Very limited,91.4,91.4
29127,Marion County,MO,Missouri,39.8075,-91.6354,436.931,28425,Very limited,93,93
28011,Bolivar County,MS,Mississippi,33.7991,-90.8841,876.507,28395,Very limited,92,92
24023,Garrett County,MD,Maryland,39.5473,-79.2746,649.077,28393,Very limited,96.2,96.2
45067,Marion County,SC,South Carolina,34.0836,-79.354,489.372,28368,Very limited,95.7,95.7
28145,Union County,MS,Mississippi,34.4895,-89.0023,415.607,28363,Very limited,99.3,99.3
13293,Upson County,GA,Georgia,32.8818,-84.2923,323.467,28358,,,
18175,Washington County,IN,Indiana,38.601,-86.1055,513.689,28345,Very limited,71.9,71.9
06035,Lassen County,CA,California,40.7153,-120.6212,4541.369,28340,,,
06021,Glenn County,CA,California,39.6025,-122.4017,1313.94,28304,Very limited,93,93
40039,Custer County,OK,Oklahoma,35.6456,-98.9974,988.779,28266,Very limited,74.2,74.2
51075,Goochland County,VA,Virginia,37.7188,-77.9176,282.042,28223,Very limited,51.2,51.2
47077,Henderson County,TN,Tennessee,35.654,-88.3877,520.009,28183,Very limited,98.7,98.7
48171,Gillespie County,TX,Texas,30.3251,-98.9418,1058.205,28159,Very limited,95.3,95.3
51197,Wythe County,VA,Virginia,36.8999,-81.083,461.952,28100,Very limited,69.9,69.9
12007,Bradford County,FL,Florida,29.9524,-82.1667,293.966,28075,Very limited,94.4,94.4
54029,Hancock County,WV,West Virginia,40.517,-80.5702,82.61,28054,,,
13147,Hart County,GA,Georgia,34.3487,-82.9633,232.423,28052,Somewhat limited,72.9,17
51840,Winchester city,VA,Virginia,39.1739,-78.1764,9.193,27800,Not rated,53.2,30.2
21239,Woodford County,KY,Kentucky,38.0431,-84.7489,189.573,27728,,,
50019,Orleans County,VT,Vermont,44.8284,-72.2516,694.553,27726,Very limited,94.8,94.8
54035,Jackson County,WV,West Virginia,38.8342,-81.6777,464.36,27718,,,
39001,Adams County,OH,Ohio,38.8345,-83.4781,583.872,27671,Very limited,96.5,96.5
28123,Scott County,MS,Mississippi,32.412,-89.5335,609.231,27666,Very limited,98.2,98.2
16075,Payette County,ID,Idaho,44.0024,-116.7502,406.88,27662,,,
18079,Jennings County,IN,Indiana,38.9962,-85.6281,376.601,27634,Very limited,93.8,93.8
47071,Hardin County,TN,Tennessee,35.2019,-88.1857,577.487,27617,Very limited,77.5,77.5
17135,Montgomery County,IL,Illinois,39.2281,-89.4781,703.766,27615,Very limited,93.4,93.4
13291,Union County,GA,Georgia,34.8333,-83.9893,323.592,27601,,,
27095,Mille Lacs County,MN,Minnesota,45.9293,-93.6327,572.297,27577,Very limited,81.3,81.3
45033,Dillon County,SC,South Carolina,34.3902,-79.3752,405.076,27577,Very limited,97.7,97.7
35017,Grant County,NM,New Mexico,32.7321,-108.3815,3961.207,27541,,,
28029,Copiah County,MS,Mississippi,31.8669,-90.4488,777.285,27536,Very limited,98.6,98.6
39069,Henry County,OH,Ohio,41.3316,-84.0689,416.013,27536,Very limited,99,99
17107,Logan County,IL,Illinois,40.1293,-89.3653,618.052,27518,Very limited,86.8,86.8
13257,Stephens County,GA,Georgia,34.5536,-83.2906,178.862,27498,,,
31025,Cass County,NE,Nebraska,40.9099,-96.1406,556.911,27492,Very limited,90.5,90.5
13279,Toombs County,GA,Georgia,32.1178,-82.3306,364.015,27488,,,
39073,Hocking County,OH,Ohio,39.4903,-82.4834,421.349,27429,Very limited,92.1,92.1
41013,Crook County,OR,Oregon,44.1631,-120.3716,2978.933,27336,,,
22031,De Soto Parish,LA,Louisiana,32.0592,-93.7408,876.45,27274,Very limited,89.7,89.7
37009,Ashe County,NC,North Carolina,36.4435,-81.4993,426.266,27266,Very limited,96.9,96.9
41057,Tillamook County,OR,Oregon,45.4559,-123.7593,1103.185,27264,Very limited,96.1,96.1
01061,Geneva County,AL,Alabama,31.0924,-85.821,574.485,27259,Very limited,81.8,81.8
51127,New Kent County,VA,Virginia,37.5102,-76.9993,210.031,27218,Very limited,86.1,86.1
54083,Randolph County,WV,West Virginia,38.7811,-79.8678,1039.7,27190,,,
47111,Macon County,TN,Tennessee,36.5378,-86.001,307.144,27189,Very limited,89.9,89.9
13035,Butts County,GA,Georgia,33.2904,-83.9582,183.685,27127,Somewhat limited,74.4,22.3
21085,Grayson County,KY,Kentucky,37.4586,-86.344,499.536,27070,Very limited,85.7,85.7
39131,Pike County,OH,Ohio,39.0713,-83.0529,440.282,27065,Very limited,97.2,97.2
26127,Oceana County,MI,Michigan,43.604,-86.4672,538.106,27014,Very limited,96.5,96.5
06015,Del Norte County,CA,California,41.7499,-123.981,1006.202,27009,,,
29069,Dunklin County,MO,Missouri,36.153,-90.0623,541.909,27002,Very limited,91.4,91.4
20149,Pottawatomie County,KS,Kansas,39.3822,-96.3371,840.735,26876,Very limited,96.1,96.1
08083,Montezuma County,CO,Colorado,37.338,-108.5958,2029.349,26841,,,
21217,Taylor County,KY,Kentucky,37.3662,-85.3281,266.418,26809,,,
54057,Mineral County,WV,West Virginia,39.4048,-78.9567,327.882,26778,,,
21193,Perry County,KY,Kentucky,37.2413,-83.2178,339.724,26739,,,
19015,Boone County,IA,Iowa,42.0386,-93.9394,570.461,26729,Very limited,76.1,76.1
35006,Cibola County,NM,New Mexico,34.9283,-107.9927,4539.984,26686,,,
45087,Union County,SC,South Carolina,34.6904,-81.6159,513.604,26678,Very limited,62.2,62.2
17109,McDonough County,IL,Illinois,40.4558,-90.679,589.305,26662,Very limited,75.7,75.7
55057,Juneau County,WI,Wisconsin,43.9328,-90.114,767.081,26590,Very limited,93.8,93.8
36049,Lewis County,NY,New York,43.7827,-75.4441,1276.309,26570,Very limited,92.4,92.4
41065,Wasco County,OR,Oregon,45.1645,-121.1651,2381.119,26507,,,
12133,Washington County,FL,Florida,30.6021,-85.6558,584.677,26503,Very limited,85.7,85.7
39019,Carroll County,OH,Ohio,40.5799,-81.0908,394.673,26460,Very limited,85.6,85.6
35047,San Miguel County,NM,New Mexico,35.4769,-104.8035,4721.515,26428,,,
18021,Clay County,IN,Indiana,39.3939,-87.1159,357.6,26424,Very limited,95.7,95.7
18031,Decatur County,IN,Indiana,39.306,-85.4998,372.568,26421,Very limited,98.4,98.4
37123,Montgomery County,NC,North Carolina,35.3275,-79.9108,491.539,26364,Very limited,50.6,50.6
51790,Staunton city,VA,Virginia,38.158,-79.0619,19.92,26361,Not rated,46.4,37.7
51600,Fairfax city,VA,Virginia,38.8532,-77.299,6.241,26340,Very limited,45.1,45.1
40015,Caddo County,OK,Oklahoma,35.1679,-98.381,1277.754,26337,Very limited,71.9,71.9
20059,Franklin County,KS,Kansas,38.558,-95.279,571.772,26273,Very limited,99.1,99.1
13131,Grady County,GA,Georgia,30.8759,-84.245,454.464,26271,Very limited,73.6,73.6
50015,Lamoille County,VT,Vermont,44.6112,-72.6327,461.255,26248,Very limited,84,84
05071,Johnson County,AR,Arkansas,35.5734,-93.4663,660.99,26172,Very limited,78.9,78.9
48331,Milam County,TX,Texas,30.7912,-96.9844,1016.356,26159,Very limited,83.2,83.2
28083,Leflore County,MS,Mississippi,33.5498,-90.2949,594.074,26157,Very limited,92,92
40049,Garvin County,OK,Oklahoma,34.7094,-97.3127,802.146,26149,Very limited,83.8,83.8
01019,Cherokee County,AL,Alabama,34.0695,-85.6542,553.617,26138,Very limited,66.7,66.7
26029,Charlevoix County,MI,Michigan,45.6186,-85.5437,416.33,26105,Very limited,88.4,88.4
47109,McNairy County,TN,Tennessee,35.1754,-88.5637,562.845,26103,Very limited,96.8,96.8
21043,Carter County,KY,Kentucky,38.3141,-83.039,409.497,26098,Very limited,93.8,93.8
26137,Otsego County,MI,Michigan,45.0218,-84.5766,515.006,26083,Very limited,96,96
12049,Hardee County,FL,Florida,27.4928,-81.8216,637.569,26068,Very limited,99.5,99.5
17075,Iroquois County,IL,Illinois,40.7489,-87.8336,1117.408,26067,Very limited,99.7,99.7
41061,Union County,OR,Oregon,45.3041,-117.9991,2036.941,26058,,,
16053,Jerome County,ID,Idaho,42.6914,-114.2621,597.545,26056,,,
32001,Churchill County,NV,Nevada,39.5377,-118.2642,4950.157,26033,,,
26043,Dickinson County,MI,Michigan,46.0128,-87.8661,760.95,25995,Very limited,72.6,72.6
26051,Gladwin County,MI,Michigan,43.9898,-84.3898,501.787,25995,Very limited,97.1,97.1
16031,Cassia County,ID,Idaho,42.2823,-113.6263,2565.61,25976,,,
26031,Cheboygan County,MI,Michigan,45.476,-84.4954,715.284,25964,Very limited,88.4,88.4
27153,Todd County,MN,Minnesota,46.0666,-94.9006,945.098,25955,Very limited,88.2,88.2
51775,Salem city,VA,Virginia,37.2853,-80.0552,14.517,25908,,,
28039,George County,MS,Mississippi,30.8554,-88.6423,478.699,25880,Very limited,65,65
35029,Luna County,NM,New Mexico,32.1845,-107.7472,2965.177,25878,Very limited,88.6,88.6
47081,Hickman County,TN,Tennessee,35.8023,-87.4671,612.483,25859,Very limited,79.1,79.1
13111,Fannin County,GA,Georgia,34.8665,-84.3173,387.106,25854,,,
19149,Plymouth County,IA,Iowa,42.7376,-96.216,862.828,25825,Very limited,83.1,83.1
19011,Benton County,IA,Iowa,42.0925,-92.0576,716.102,25799,Very limited,98,98
42131,Wyoming County,PA,Pennsylvania,41.5252,-76.0087,397.258,25771,Very limited,95.4,95.4
21081,Grant County,KY,Kentucky,38.6492,-84.6259,257.976,25722,,,
29215,Texas County,MO,Missouri,37.3143,-91.9645,1177.267,25715,Very limited,85.3,85.3
27015,Brown County,MN,Minnesota,44.2465,-94.7336,611.109,25710,Very limited,95.4,95.4
29131,Miller County,MO,Missouri,38.2167,-92.4299,592.582,25668,Very limited,96.7,96.7
29001,Adair County,MO,Missouri,40.1907,-92.6036,567.324,25660,Very limited,99.4,99.4
05023,Cleburne County,AR,Arkansas,35.5936,-92.0089,553.959,25646,Very limited,87.6,87.6
28127,Simpson County,MS,Mississippi,31.9025,-89.9177,589.165,25597,Very limited,91.2,91.2
48007,Aransas County,TX,Texas,28.1226,-96.9675,252.271,25595,,,
27083,Lyon County,MN,Minnesota,44.4092,-95.8473,714.411,25577,Very limited,96.7,96.7
41031,Jefferson County,OR,Oregon,44.6452,-121.1786,1781.696,25536,,,
26101,Manistee County,MI,Michigan,44.2453,-86.3275,542.325,25519,,,
45069,Marlboro County,SC,South Carolina,34.6017,-79.6794,479.874,25498,Very limited,80.6,80.6
28117,Prentiss County,MS,Mississippi,34.6206,-88.5222,414.985,25489,Very limited,90.3,90.3
48149,Fayette County,TX,Texas,29.8779,-96.9212,949.934,25488,Very limited,94.9,94.9
47069,Hardeman County,TN,Tennessee,35.2188,-88.9887,667.768,25434,Very limited,95.5,95.5
51167,Russell County,VA,Virginia,36.9334,-82.0959,473.524,25420,Very limited,87.9,87.9
26069,Iosco County,MI,Michigan,44.3869,-83.3801,549.477,25361,Very limited,94.4,94.4
19017,Bremer County,IA,Iowa,42.7809,-92.3274,435.479,25328,Very limited,97,97
13055,Chattooga County,GA,Georgia,34.4742,-85.3453,313.327,25306,,,
16013,Blaine County,ID,Idaho,43.3942,-113.9554,2637.738,25261,,,
08107,Routt County,CO,Colorado,40.4837,-106.9877,2362.02,25243,,,
24039,Somerset County,MD,Maryland,38.0744,-75.8533,319.749,25241,Not rated,53.3,46.7
13119,Franklin County,GA,Georgia,34.3751,-83.228,261.342,25208,,,
48463,Uvalde County,TX,Texas,29.3503,-99.7684,1551.922,25138,Very limited,93.7,93.7
55137,Waushara County,WI,Wisconsin,44.1128,-89.2398,626.161,25079,Very limited,97.4,97.4
47057,Grainger County,TN,Tennessee,36.2775,-83.5095,280.587,25073,Very limited,77,77
18129,Posey County,IN,Indiana,38.0276,-87.8687,409.385,25067,Very limited,69.5,69.5
21095,Harlan County,KY,Kentucky,36.8592,-83.2215,465.83,25052,,,
21137,Lincoln County,KY,Kentucky,37.4572,-84.6583,332.904,24910,,,
21005,Anderson County,KY,Kentucky,38.0054,-84.9864,202.26,24883,,,
08119,Teller County,CO,Colorado,38.87,-105.1874,557.141,24862,,,
20009,Barton County,KS,Kansas,38.4812,-98.7678,895.257,24835,Very limited,87.1,87.1
18181,White County,IN,Indiana,40.751,-86.8643,505.181,24833,Very limited,97.9,97.9
54053,Mason County,WV,West Virginia,38.7709,-82.029,430.768,24770,,,
18143,Scott County,IN,Indiana,38.6794,-85.7519,190.403,24751,Very limited,96.4,96.4
21205,Rowan County,KY,Kentucky,38.2043,-83.4281,279.881,24675,,,
47097,Lauderdale County,TN,Tennessee,35.763,-89.6277,471.895,24630,Very limited,71.9,71.9
45001,Abbeville County,SC,South Carolina,34.229,-82.4541,491.195,24607,Very limited,51.2,51.2
31047,Dawson County,NE,Nebraska,40.8678,-99.8156,1013.786,24554,Very limited,55.5,55.5
40065,Jackson County,OK,Oklahoma,34.594,-99.4122,802.653,24541,Very limited,87,87
26009,Antrim County,MI,Michigan,45.0055,-85.1756,475.69,24536,Very limited,81.8,81.8
13033,Burke County,GA,Georgia,33.0602,-82.0002,827.042,24472,Very limited,68.9,68.9
36123,Yates County,NY,New York,42.6382,-77.1043,338.168,24387,Very limited,76.8,76.8
01005,Barbour County,AL,Alabama,31.8703,-85.4051,885.008,24358,Very limited,80.7,80.7
18135,Randolph County,IN,Indiana,40.1641,-85.0058,452.379,24337,Very limited,99.5,99.5
29007,Audrain County,MO,Missouri,39.2145,-91.8434,692.25,24304,Very limited,99.3,99.3
13267,Tattnall County,GA,Georgia,32.0438,-82.0592,480.84,24275,,,
53049,Pacific County,WA,Washington,46.5566,-123.7824,933.374,24245,,,
28057,Itawamba County,MS,Mississippi,34.2811,-88.3631,532.795,24198,Very limited,93.8,93.8
48419,Shelby County,TX,Texas,31.7901,-94.1426,795.589,24192,Very limited,91,91
53039,Klickitat County,WA,Washington,45.8704,-120.7793,1871.636,24124,,,
29175,Randolph County,MO,Missouri,39.4392,-92.493,482.713,24077,Very limited,98.2,98.2
29119,McDonald County,MO,Missouri,36.628,-94.3437,539.445,24054,Very limited,78.6,78.6
54067,Nicholas County,WV,West Virginia,38.2914,-80.7975,646.842,24017,,,
28091,Marion County,MS,Mississippi,31.2315,-89.8223,542.326,24008,Very limited,79.4,79.4
55049,Iowa County,WI,Wisconsin,43.001,-90.1337,762.698,23963,Very limited,97,97
55125,Vilas County,WI,Wisconsin,46.0498,-89.5013,857.712,23948,Very limited,83,83
21183,Ohio County,KY,Kentucky,37.4779,-86.8449,587.096,23933,Very limited,90.2,90.2
26143,Roscommon County,MI,Michigan,44.3395,-84.6113,519.897,23932,Very limited,88.5,88.5
01133,Winston County,AL,Alabama,34.1546,-87.3653,613,23869,Very limited,84.5,84.5
54027,Hampshire County,WV,West Virginia,39.3121,-78.612,640.402,23793,,,
22067,Morehouse Parish,LA,Louisiana,32.82,-91.8004,794.95,23787,Very limited,81.3,81.3
41027,Hood River County,OR,Oregon,45.5118,-121.656,522.194,23764,,,
51139,Page County,VA,Virginia,38.6232,-78.4919,310.017,23686,Very limited,86.3,86.3
54097,Upshur County,WV,West Virginia,38.9025,-80.2316,354.638,23650,Very limited,98.7,98.7
29221,Washington County,MO,Missouri,37.9426,-90.897,759.866,23583,Very limited,95.3,95.3
47133,Overton County,TN,Tennessee,36.3449,-85.2831,433.488,23551,Very limited,82,82
48281,Lampasas County,TX,Texas,31.1967,-98.2409,712.528,23539,Very limited,88.5,88.5
21167,Mercer County,KY,Kentucky,37.8121,-84.8797,249.383,23515,,,
46135,Yankton County,SD,South Dakota,43.0066,-97.3884,521.189,23509,Very limited,90.7,90.7
51820,Waynesboro city,VA,Virginia,38.0672,-78.9014,14.97,23498,Not rated,48,31
27093,Meeker County,MN,Minnesota,45.1232,-94.5273,607.968,23491,Very limited,89,89
26133,Osceola County,MI,Michigan,43.9976,-85.3223,566.291,23484,Very limited,94.4,94.4
18149,Starke County,IN,Indiana,41.2845,-86.6446,309.144,23463,Very limited,97.7,97.7
31155,Saunders County,NE,Nebraska,41.223,-96.6427,748.703,23406,Very limited,85.1,85.1
42067,Juniata County,PA,Pennsylvania,40.5307,-77.4004,391.391,23395,,,
13237,Putnam County,GA,Georgia,33.3211,-83.3718,344.682,23383,,,
40133,Seminole County,OK,Oklahoma,35.1584,-96.6029,632.819,23351,Very limited,89.6,89.6
18041,Fayette County,IN,Indiana,39.6397,-85.185,215.021,23335,Very limited,82.4,82.4
29195,Saline County,MO,Missouri,39.1358,-93.2042,755.51,23325,Very limited,92.1,92.1
56039,Teton County,WY,Wyoming,44.0487,-110.4261,3996.846,23272,,,
13107,Emanuel County,GA,Georgia,32.5912,-82.3002,680.574,23224,Very limited,91.3,91.3
29177,Ray County,MO,Missouri,39.3084,-93.9957,568.979,23199,Very limited,94.1,94.1
48299,Llano County,TX,Texas,30.7076,-98.6847,934.069,23163,Very limited,94.1,94.1
18047,Franklin County,IN,Indiana,39.4098,-85.067,384.426,23136,Very limited,97.7,97.7
01111,Randolph County,AL,Alabama,33.2965,-85.4641,580.55,23067,Very limited,57.4,57.4
21013,Bell County,KY,Kentucky,36.7289,-83.6807,358.999,23051,,,
26109,Menominee County,MI,Michigan,45.5356,-87.5015,1044.041,23050,Very limited,76.1,76.1
28133,Sunflower County,MS,Mississippi,33.6055,-90.5951,697.759,23029,Very limited,96.4,96.4
28163,Yazoo County,MS,Mississippi,32.7657,-90.3879,922.339,23024,Very limited,92.1,92.1
48365,Panola County,TX,Texas,32.164,-94.3052,811.355,23022,Very limited,93.2,93.2
51670,Hopewell city,VA,Virginia,37.291,-77.2989,10.354,22970,,,
48165,Gaines County,TX,Texas,32.7439,-102.6316,1502.363,22892,Somewhat limited,80.4,16.4
26089,Leelanau County,MI,Michigan,45.1462,-86.0516,347.2,22871,Very limited,87.1,87.1
48019,Bandera County,TX,Texas,29.7564,-99.2483,790.994,22830,Very limited,99,99
17165,Saline County,IL,Illinois,37.7515,-88.545,379.996,22826,Very limited,95.6,95.6
29055,Crawford County,MO,Missouri,37.9666,-91.3139,742.477,22808,Very limited,95,95
41015,Curry County,OR,Oregon,42.4664,-124.2109,1628.395,22774,Very limited,99.5,99.5
16067,Minidoka County,ID,Idaho,42.8572,-113.6398,757.227,22691,,,
19183,Washington County,IA,Iowa,41.3294,-91.7251,568.828,22631,Very limited,99.1,99.1
29083,Henry County,MO,Missouri,38.3865,-93.7926,696.936,22575,Very limited,94.2,94.2
48293,Limestone County,TX,Texas,31.5475,-96.5936,905.43,22569,Very limited,82.9,82.9
53003,Asotin County,WA,Washington,46.1819,-117.2278,636.075,22523,,,
49041,Sevier County,UT,Utah,38.7468,-111.8119,1910.476,22520,,,
47151,Scott County,TN,Tennessee,36.4306,-84.5041,532.301,22517,,,
22003,Allen Parish,LA,Louisiana,30.6527,-92.8196,762.085,22501,Very limited,99.5,99.5
37007,Anson County,NC,North Carolina,34.975,-80.1098,531.467,22432,Very limited,73.3,73.3
29141,Morgan County,MO,Missouri,38.4208,-92.8748,597.635,22399,Very limited,95.7,95.7
51163,Rockbridge County,VA,Virginia,37.8145,-79.4478,596.548,22368,Very limited,80,80
37033,Caswell County,NC,North Carolina,36.3943,-79.3396,425.501,22363,Very limited,77.3,77.3
37115,Madison County,NC,North Carolina,35.8642,-82.7126,449.615,22352,Very limited,96.1,96.1
20191,Sumner County,KS,Kansas,37.2367,-97.4934,1181.668,22336,Very limited,82.6,82.6
05111,Poinsett County,AR,Arkansas,35.5689,-90.6811,758.295,22300,Very limited,97.3,97.3
22075,Plaquemines Parish,LA,Louisiana,29.2824,-89.5761,780.595,22289,Not rated,65,35
51147,Prince Edward County,VA,Virginia,37.2249,-78.433,349.946,22276,Very limited,56.2,56.2
01007,Bibb County,AL,Alabama,33.0159,-87.1271,622.47,22258,Very limited,91.2,91.2
40009,Beckham County,OK,Oklahoma,35.2706,-99.6901,901.675,22248,Very limited,89.6,89.6
48225,Houston County,TX,Texas,31.323,-95.4216,1230.997,22197,Very limited,93.6,93.6
30053,Lincoln County,MT,Montana,48.5524,-115.4632,3612.559,22184,,,
01025,Clarke County,AL,Alabama,31.6855,-87.8186,1238.42,22142,Very limited,81.6,81.6
22043,Grant Parish,LA,Louisiana,31.5978,-92.5617,643.75,22109,Very limited,89.8,89.8
21115,Johnson County,KY,Kentucky,37.8478,-82.8301,261.966,22098,,,
06011,Colusa County,CA,California,39.1777,-122.2376,1150.639,22074,Very limited,94.6,94.6
27057,Hubbard County,MN,Minnesota,47.0956,-94.9133,926.028,22050,Very limited,89.2,89.2
21003,Allen County,KY,Kentucky,36.7508,-86.1925,343.724,22037,Very limited,56.8,56.8
19123,Mahaska County,IA,Iowa,41.3308,-92.6364,570.851,22034,Very limited,97.8,97.8
05027,Columbia County,AR,Arkansas,33.223,-93.2328,766.065,22024,Very limited,95.9,95.9
27105,Nobles County,MN,Minnesota,43.6777,-95.7631,715.117,21969,Very limited,95.6,95.6
47129,Morgan County,TN,Tennessee,36.1387,-84.6393,522.18,21954,,,
13211,Morgan County,GA,Georgia,33.5986,-83.4994,347.411,21940,Somewhat limited,80.8,17.5
48337,Montague County,TX,Texas,33.6784,-97.725,930.906,21890,Very limited,82.2,82.2
48341,Moore County,TX,Texas,35.8357,-101.8905,899.698,21872,Very limited,67.8,67.8
16045,Gem County,ID,Idaho,44.0615,-116.3988,559.774,21857,,,
18119,Owen County,IN,Indiana,39.3173,-86.8388,385.295,21851,Very limited,86.5,86.5
12123,Taylor County,FL,Florida,29.9671,-83.6396,1043.337,21843,Very limited,99.4,99.4
05123,St. Francis County,AR,Arkansas,35.0228,-90.7515,634.784,21822,Very limited,96,96
51105,Lee County,VA,Virginia,36.7017,-83.1301,435.378,21780,Very limited,84.8,84.8
13189,McDuffie County,GA,Georgia,33.4806,-82.4796,257.379,21764,,,
47041,DeKalb County,TN,Tennessee,35.9822,-85.8336,304.432,21747,Very limited,70.5,70.5
22085,Sabine Parish,LA,Louisiana,31.5604,-93.5596,866.631,21746,Very limited,81.8,81.8
51079,Greene County,VA,Virginia,38.298,-78.4702,155.947,21744,Very limited,67.5,67.5
29049,Clinton County,MO,Missouri,39.6087,-94.3958,418.94,21721,Very limited,98.4,98.4
54059,Mingo County,WV,West Virginia,37.7212,-82.159,423.121,21712,,,
31067,Gage County,NE,Nebraska,40.2552,-96.6835,851.468,21687,Very limited,98.8,98.8
05103,Ouachita County,AR,Arkansas,33.5912,-92.8784,732.721,21684,Very limited,88.1,88.1
27157,Wabasha County,MN,Minnesota,44.2896,-92.2335,522.965,21574,Very limited,67.9,67.9
38093,Stutsman County,ND,North Dakota,46.9722,-98.9561,2221.904,21546,Somewhat limited,51.4,43.7
17085,Jo Daviess County,IL,Illinois,42.3624,-90.2115,600.924,21528,Very limited,77,77
37117,Martin County,NC,North Carolina,35.8473,-77.1196,456.412,21523,Very limited,90.3,90.3
48219,Hockley County,TX,Texas,33.6059,-102.3434,908.392,21505,Somewhat limited,90.2,9.7
27045,Fillmore County,MN,Minnesota,43.6792,-92.0939,861.333,21502,Very limited,87.2,87.2
39105,Meigs County,OH,Ohio,39.0898,-82.0284,430.102,21491,Very limited,97.7,97.7
48089,Colorado County,TX,Texas,29.5963,-96.5089,960.291,21475,Very limited,96.2,96.2
28079,Leake County,MS,Mississippi,32.7606,-89.5222,582.897,21462,Very limited,98.1,98.1
05083,Logan County,AR,Arkansas,35.2187,-93.7209,709.115,21457,Very limited,92.7,92.7
13199,Meriwether County,GA,Georgia,33.0293,-84.6671,500.907,21439,Somewhat limited,68.2,29.6
28139,Tippah County,MS,Mississippi,34.7636,-88.9188,457.822,21423,Very limited,98.9,98.9
05029,Conway County,AR,Arkansas,35.2657,-92.6892,551.953,21422,Very limited,89.6,89.6
39175,Wyandot County,OH,Ohio,40.8398,-83.3137,406.879,21394,Very limited,98.1,98.1
51169,Scott County,VA,Virginia,36.7128,-82.6136,535.827,21388,Very limited,91.3,91.3
55001,Adams County,WI,Wisconsin,43.9738,-89.7672,645.646,21352,Very limited,92.2,92.2
31043,Dakota County,NE,Nebraska,42.3916,-96.5613,264.431,21335,Very limited,62.7,62.7
54009,Brooke County,WV,West Virginia,40.2726,-80.5787,89.036,21285,,,
20175,Seward County,KS,Kansas,37.181,-100.8553,639.653,21276,Very limited,44.5,44.5
31177,Washington County,NE,Nebraska,41.534,-96.2246,389.93,21254,Very limited,63.6,63.6
27039,Dodge County,MN,Minnesota,44.0207,-92.8694,439.396,21242,Very limited,96.2,96.2
21027,Breckinridge County,KY,Kentucky,37.778,-86.4329,569.725,21221,,,
17051,Fayette County,IL,Illinois,39.0011,-89.0179,716.451,21157,Very limited,91.2,91.2
17083,Jersey County,IL,Illinois,39.0802,-90.3614,369.556,21150,Very limited,73.2,73.2
19105,Jones County,IA,Iowa,42.1251,-91.1169,575.618,21116,Very limited,96,96
13133,Greene County,GA,Georgia,33.5767,-83.1666,387.517,21091,Somewhat limited,56.9,37.9
47173,Union County,TN,Tennessee,36.2841,-83.8361,223.583,21064,Very limited,80.9,80.9
28101,Newton County,MS,Mississippi,32.402,-89.1184,577.771,21063,Very limited,92.7,92.7
25007,Dukes County,MA,Massachusetts,41.381,-70.7015,103.202,21061,Very limited,79.1,79.1
53001,Adams County,WA,Washington,47.0112,-118.5129,1924.989,21039,Very limited,58.6,58.6
55053,Jackson County,WI,Wisconsin,44.3246,-90.7995,987.915,21027,Very limited,91.3,91.3
56023,Lincoln County,WY,Wyoming,42.23,-110.683,4075.337,21000,,,
26129,Ogemaw County,MI,Michigan,44.3333,-84.1281,563.506,20985,Very limited,95.2,95.2
28043,Grenada County,MS,Mississippi,33.77,-89.8027,422.113,20931,Very limited,88.5,88.5
05019,Clark County,AR,Arkansas,34.0533,-93.1762,865.971,20920,Very limited,89.2,89.2
48179,Gray County,TX,Texas,35.4025,-100.8124,925.974,20888,Very limited,65.1,65.1
48253,Jones County,TX,Texas,32.7437,-99.8744,928.606,20850,Very limited,89.5,89.5
21215,Spencer County,KY,Kentucky,38.0253,-85.3173,186.671,20823,,,
19021,Buena Vista County,IA,Iowa,42.7415,-95.1414,574.899,20816,Very limited,93.6,93.6
49013,Duchesne County,UT,Utah,40.2894,-110.4296,3235.523,20803,Very limited,83.9,83.9
47159,Smith County,TN,Tennessee,36.2717,-85.9424,314.278,20783,Very limited,85.8,85.8
08015,Chaffee County,CO,Colorado,38.7346,-106.3,1013.408,20780,,,
18153,Sullivan County,IN,Indiana,39.0892,-87.4158,447.196,20768,Very limited,91.4,91.4
08075,Logan County,CO,Colorado,40.7281,-103.0905,1838.599,20755,Very limited,57.8,57.8
55061,Kewaunee County,WI,Wisconsin,44.6057,-87.448,342.453,20751,Very limited,93.8,93.8
18015,Carroll County,IN,Indiana,40.585,-86.5651,372.225,20747,Very limited,93.6,93.6
19019,Buchanan County,IA,Iowa,42.4703,-91.8387,571.084,20733,Very limited,99,99
13171,Lamar County,GA,Georgia,33.0744,-84.1467,183.501,20690,,,
37079,Greene County,NC,North Carolina,35.482,-77.6817,266.736,20671,Very limited,59.8,59.8
13229,Pierce County,GA,Georgia,31.354,-82.2104,340.464,20669,Very limited,99.1,99.1
13231,Pike County,GA,Georgia,33.0811,-84.3895,216.086,20669,,,
48161,Freestone County,TX,Texas,31.7017,-96.145,877.731,20645,Very limited,71.8,71.8
56041,Uinta County,WY,Wyoming,41.2847,-110.5589,2081.726,20621,Very limited,69.1,69.1
22111,Union Parish,LA,Louisiana,32.8293,-92.3756,876.913,20617,Very limited,94.9,94.9
29015,Benton County,MO,Missouri,38.301,-93.2879,704.033,20614,Very limited,80.4,80.4
49007,Carbon County,UT,Utah,39.6733,-110.5885,1479.343,20613,,,
48285,Lavaca County,TX,Texas,29.3826,-96.9236,969.709,20605,Very limited,99.9,99.9
40139,Texas County,OK,Oklahoma,36.7463,-101.4839,2041.293,20577,Somewhat limited,48.9,48.1
48457,Tyler County,TX,Texas,30.7693,-94.3757,924.39,20560,Very limited,76.2,76.2
17173,Shelby County,IL,Illinois,39.3849,-88.7989,758.508,20542,Very limited,95.5,95.5
29147,Nodaway County,MO,Missouri,40.3611,-94.8831,876.964,20503,Very limited,99.2,99.2
54005,Boone County,WV,West Virginia,38.0228,-81.7135,502.37,20496,Very limited,97.4,97.4
45011,Barnwell County,SC,South Carolina,33.2606,-81.4342,548.383,20495,,,
13183,Long County,GA,Georgia,31.7496,-81.7429,400.399,20439,,,
19027,Carroll County,IA,Iowa,42.0395,-94.8676,569.453,20407,Very limited,80.9,80.9
45039,Fairfield County,SC,South Carolina,34.3957,-81.127,686.306,20369,Very limited,62.3,62.3
21213,Simpson County,KY,Kentucky,36.7409,-86.5818,234.185,20350,Somewhat limited,68.7,30.6
21017,Bourbon County,KY,Kentucky,38.2026,-84.2099,289.75,20333,,,
13205,Mitchell County,GA,Georgia,31.229,-84.192,512.158,20329,,,
37149,Polk County,NC,North Carolina,35.2779,-82.1676,237.687,20320,Very limited,73.2,73.2
13011,Banks County,GA,Georgia,34.3519,-83.4984,232.657,20318,,,
17145,Perry County,IL,Illinois,38.0844,-89.3685,441.928,20272,Very limited,94.3,94.3
13321,Worth County,GA,Georgia,31.5518,-83.85,570.7,20262,Very limited,90.9,90.9
48123,DeWitt County,TX,Texas,29.0823,-97.3617,908.976,20252,Very limited,89.2,89.2
12041,Gilchrist County,FL,Florida,29.7235,-82.7958,349.695,20233,Very limited,90.6,90.6
18147,Spencer County,IN,Indiana,38.0097,-87.0104,396.888,20192,Very limited,86.3,86.3
48051,Burleson County,TX,Texas,30.4935,-96.6221,659.082,20179,Very limited,78,78
55119,Taylor County,WI,Wisconsin,45.2117,-90.5049,975.052,20167,Very limited,97.9,97.9
18075,Jay County,IN,Indiana,40.435,-85.0023,383.905,20164,Very limited,98.7,98.7
13105,Elbert County,GA,Georgia,34.1164,-82.8419,351.105,20152,,,
21133,Letcher County,KY,Kentucky,37.1185,-82.8613,337.934,20139,,,
05149,Yell County,AR,Arkansas,34.9977,-93.4083,930.386,20134,Very limited,87.9,87.9
47049,Fentress County,TN,Tennessee,36.3699,-84.9378,498.607,20129,,,
28027,Coahoma County,MS,Mississippi,34.2303,-90.604,553.102,20105,Very limited,84.5,84.5
22007,Assumption Parish,LA,Louisiana,29.9033,-91.0652,344.018,20050,Very limited,89.9,89.9
48177,Gonzales County,TX,Texas,29.4619,-97.4919,1066.686,20040,Very limited,91.8,91.8
48489,Willacy County,TX,Texas,26.4819,-97.5947,590.613,20027,Very limited,56.1,56.1
35027,Lincoln County,NM,New Mexico,33.7408,-105.4498,4831.115,20025,,,
18049,Fulton County,IN,Indiana,41.0504,-86.265,368.392,20004,Very limited,85.9,85.9
40153,Woodward County,OK,Oklahoma,36.4256,-99.2737,1242.786,19991,Very limited,85,85
54109,Wyoming County,WV,West Virginia,37.6037,-81.549,499.47,19964,Very limited,96.8,96.8
48057,Calhoun County,TX,Texas,28.4417,-96.5796,506.936,19942,Very limited,51.3,51.3
21099,Hart County,KY,Kentucky,37.3058,-85.8784,412.67,19923,,,
46035,Davison County,SD,South Dakota,43.6804,-98.1559,435.633,19907,Very limited,96.8,96.8
12059,Holmes County,FL,Florida,30.862,-85.8159,478.858,19876,Very limited,86,86
21155,Marion County,KY,Kentucky,37.5526,-85.269,343.551,19851,Very limited,89.2,89.2
22077,Pointe Coupee Parish,LA,Louisiana,30.7083,-91.6046,555.495,19845,Very limited,87.3,87.3
13303,Washington County,GA,Georgia,32.9718,-82.7981,678.526,19834,,,
17041,Douglas County,IL,Illinois,39.7661,-88.2229,416.65,19824,Very limited,98.8,98.8
18117,Orange County,IN,Indiana,38.5474,-86.4893,398.379,19824,Very limited,81.9,81.9
40001,Adair County,OK,Oklahoma,35.898,-94.651,573.881,19821,Very limited,91.7,91.7
29217,Vernon County,MO,Missouri,37.8502,-94.3417,826.391,19787,Very limited,98.6,98.6
28153,Wayne County,MS,Mississippi,31.6425,-88.6782,810.716,19749,Very limited,85,85
19191,Winneshiek County,IA,Iowa,43.293,-91.8508,689.844,19723,Very limited,93.9,93.9
48233,Hutchinson County,TX,Texas,35.837,-101.3627,887.437,19721,Very limited,67.1,67.1
40091,McIntosh County,OK,Oklahoma,35.3691,-95.6718,618.292,19710,Very limited,81.6,81.6
20099,Labette County,KS,Kansas,37.1915,-95.2975,645.393,19692,Very limited,98.8,98.8
35028,Los Alamos County,NM,New Mexico,35.87,-106.308,109.123,19675,,,
22083,Richland Parish,LA,Louisiana,32.4132,-91.7484,555.613,19643,Very limited,87,87
13091,Dodge County,GA,Georgia,32.1644,-83.1679,495.969,19630,,,
21231,Wayne County,KY,Kentucky,36.8008,-84.8266,458.043,19629,Very limited,69.9,69.9
21051,Clay County,KY,Kentucky,37.1643,-83.7155,469.296,19592,Very limited,97.2,97.2
28131,Stone County,MS,Mississippi,30.7902,-89.1123,445.485,19569,Very limited,68.3,68.3
27091,Martin County,MN,Minnesota,43.6772,-94.5471,712.336,19561,Very limited,89.3,89.3
24029,Kent County,MD,Maryland,39.2413,-76.126,276.939,19557,Very limited,64.5,64.5
47085,Humphreys County,TN,Tennessee,36.0408,-87.7905,530.763,19554,Very limited,92.9,92.9
55067,Langlade County,WI,Wisconsin,45.2549,-89.0671,870.69,19535,Very limited,97.6,97.6
21097,Harrison County,KY,Kentucky,38.4446,-84.3341,306.458,19525,Very limited,90.8,90.8
48163,Frio County,TX,Texas,28.8694,-99.109,1133.501,19520,Very limited,64.6,64.6
29229,Wright County,MO,Missouri,37.2676,-92.48,681.775,19505,Very limited,88.2,88.2
13081,Crisp County,GA,Georgia,31.9203,-83.7565,272.682,19468,,,
46005,Beadle County,SD,South Dakota,44.4183,-98.2794,1258.698,19459,Very limited,83.9,83.9
45081,Saluda County,SC,South Carolina,34.0053,-81.7279,453.213,19452,Somewhat limited,57.3,38.2
05113,Polk County,AR,Arkansas,34.491,-94.2309,856.838,19434,Very limited,94.7,94.7
19097,Jackson County,IA,Iowa,42.1642,-90.5746,636.047,19390,Very limited,89.4,89.4
54043,Lincoln County,WV,West Virginia,38.1718,-82.0776,437.093,19377,Very limited,98.1,98.1
55047,Green Lake County,WI,Wisconsin,43.7802,-88.9704,349.541,19370,Very limited,82.7,82.7
19087,Henry County,IA,Iowa,40.9848,-91.5473,434.288,19361,Very limited,98.5,98.5
18123,Perry County,IN,Indiana,38.0814,-86.6265,381.74,19320,Very limited,90.1,90.1
21001,Adair County,KY,Kentucky,37.1056,-85.2814,405.292,19239,Very limited,82.3,82.3
51193,Westmoreland County,VA,Virginia,38.1093,-76.8039,229.327,19235,Very limited,76.9,76.9
51101,King William County,VA,Virginia,37.7083,-77.0911,273.91,19232,Very limited,84.1,84.1
37091,Hertford County,NC,North Carolina,36.3635,-76.9816,353.164,19169,Very limited,88.9,88.9
19065,Fayette County,IA,Iowa,42.8641,-91.8404,730.817,19152,Very limited,96,96
20021,Cherokee County,KS,Kansas,37.1694,-94.8457,587.567,19133,Very limited,97,97
22037,East Feliciana Parish,LA,Louisiana,30.8398,-91.0434,453.293,19112,Very limited,87.7,87.7
22093,St. James Parish,LA,Louisiana,30.0248,-90.794,237.861,19110,Very limited,90.2,90.2
22041,Franklin Parish,LA,Louisiana,32.1391,-91.6724,624.298,19107,Very limited,93.9,93.9
05057,Hempstead County,AR,Arkansas,33.736,-93.6644,727.2,19105,Very limited,93,93
29157,Perry County,MO,Missouri,37.7111,-89.8021,474.355,19100,Very limited,92.5,92.5
37185,Warren County,NC,North Carolina,36.3981,-78.0999,429.392,19081,Somewhat limited,78.8,16.7
01099,Monroe County,AL,Alabama,31.5804,-87.3833,1025.669,19057,Very limited,82.5,82.5
05121,Randolph County,AR,Arkansas,36.3413,-91.0284,651.913,19040,Very limited,88.2,88.2
48035,Bosque County,TX,Texas,31.9008,-97.6376,982.976,19013,Very limited,84.9,84.9
37199,Yancey County,NC,North Carolina,35.8893,-82.304,312.592,18993,Very limited,93.3,93.3
48003,Andrews County,TX,Texas,32.3123,-102.6402,1500.686,18923,Somewhat limited,63.5,35.3
55113,Sawyer County,WI,Wisconsin,45.865,-91.1471,1257.604,18835,Very limited,91.3,91.3
06063,Plumas County,CA,California,39.9923,-120.8244,2553.062,18834,,,
13025,Brantley County,GA,Georgia,31.1973,-81.983,443.241,18795,,,
39125,Paulding County,OH,Ohio,41.1189,-84.5821,416.436,18755,Very limited,98.5,98.5
35041,Roosevelt County,NM,New Mexico,34.0212,-103.483,2446.051,18713,Somewhat limited,61.5,29
27161,Waseca County,MN,Minnesota,44.0185,-93.5898,423.361,18684,Very limited,94.8,94.8
51570,Colonial Heights city,VA,Virginia,37.2617,-77.3968,7.519,18674,,,
13001,Appling County,GA,Georgia,31.7397,-82.2901,508.263,18669,,,
53055,San Juan County,WA,Washington,48.5072,-123.1038,173.916,18668,Very limited,98.7,98.7
13019,Berrien County,GA,Georgia,31.2887,-83.2279,453.376,18666,,,
51027,Buchanan County,VA,Virginia,37.2681,-82.0382,502.855,18632,Very limited,92.4,92.4
20041,Dickinson County,KS,Kansas,38.8677,-97.1579,847.068,18621,Very limited,93.8,93.8
26079,Kalkaska County,MI,Michigan,44.6789,-85.089,559.744,18618,Very limited,97.9,97.9
28141,Tishomingo County,MS,Mississippi,34.7388,-88.2348,424.297,18553,Very limited,80.7,80.7
05053,Grant County,AR,Arkansas,34.2856,-92.423,631.888,18546,Very limited,99.1,99.1
29186,Ste. Genevieve County,MO,Missouri,37.8858,-90.1615,499.163,18546,Very limited,91.1,91.1
26019,Benzie County,MI,Michigan,44.6368,-86.232,319.697,18520,,,
01091,Marengo County,AL,Alabama,32.2476,-87.7911,976.898,18512,Very limited,93.6,93.6
01107,Pickens County,AL,Alabama,33.2968,-88.0969,881.387,18508,Very limited,93.8,93.8
47091,Johnson County,TN,Tennessee,36.4532,-81.8612,298.44,18506,Very limited,94,94
48117,Deaf Smith County,TX,Texas,34.9408,-102.6076,1496.822,18495,Very limited,71.4,71.4
06027,Inyo County,CA,California,36.5622,-117.4042,10197.261,18485,,,
21207,Russell County,KY,Kentucky,36.9906,-85.055,253.26,18458,Very limited,58.6,58.6
19157,Poweshiek County,IA,Iowa,41.6846,-92.5229,584.932,18454,Very limited,99.4,99.4
48287,Lee County,TX,Texas,30.3215,-96.9768,629.058,18451,Very limited,80.7,80.7
17033,Crawford County,IL,Illinois,39.0028,-87.7606,443.643,18388,Very limited,97.6,97.6
12079,Madison County,FL,Florida,30.4472,-83.4704,696.529,18364,Very limited,91.8,91.8
27055,Houston County,MN,Minnesota,43.667,-91.5016,552.115,18352,Very limited,89.8,89.8
47139,Polk County,TN,Tennessee,35.1094,-84.5411,434.605,18338,Very limited,87.7,87.7
20087,Jefferson County,KS,Kansas,39.2396,-95.3753,532.626,18332,Very limited,93,93
08093,Park County,CO,Colorado,39.1189,-105.7176,2193.51,18316,,,
48133,Eastland County,TX,Texas,32.3246,-98.8366,926.508,18290,Very limited,97.2,97.2
01013,Butler County,AL,Alabama,31.7517,-86.682,776.839,18256,Very limited,83.5,83.5
02050,Bethel Census Area,AK,Alaska,60.9291,-160.1526,40654.878,18237,,,
48503,Young County,TX,Texas,33.1588,-98.6784,914.498,18236,Very limited,97,97
19031,Cedar County,IA,Iowa,41.7724,-91.1326,579.462,18231,Very limited,98.3,98.3
28025,Clay County,MS,Mississippi,33.6597,-88.7825,410.011,18213,Very limited,97.4,97.4
45049,Hampton County,SC,South Carolina,32.7783,-81.1438,559.975,18172,Very limited,85.5,85.5
01087,Macon County,AL,Alabama,32.387,-85.6929,608.665,18159,Very limited,82.3,82.3
19059,Dickinson County,IA,Iowa,43.3896,-95.1961,380.532,18158,Very limited,78,78
01067,Henry County,AL,Alabama,31.517,-85.24,561.927,18141,Very limited,59.6,59.6
05135,Sharp County,AR,Arkansas,36.1734,-91.4711,604.637,18130,Very limited,88.7,88.7
42093,Montour County,PA,Pennsylvania,41.0293,-76.6652,130.331,18115,Very limited,89.8,89.8
29003,Andrew County,MO,Missouri,39.9889,-94.8036,432.634,18091,Very limited,86.2,86.2
30067,Park County,MT,Montana,45.4631,-110.5349,2802.479,18074,,,
21079,Garrard County,KY,Kentucky,37.6302,-84.5459,229.925,18040,,,
28031,Covington County,MS,Mississippi,31.6333,-89.5489,413.819,18015,Very limited,80.6,80.6
08089,Otero County,CO,Colorado,37.8842,-103.7213,1261.946,17991,Very limited,55.1,55.1
05003,Ashley County,AR,Arkansas,33.1908,-91.7723,925.492,17984,Very limited,87.5,87.5
13075,Cook County,GA,Georgia,31.1525,-83.4294,228.469,17984,,,
29163,Pike County,MO,Missouri,39.34,-91.1716,670.439,17961,Very limited,93.9,93.9
51175,Southampton County,VA,Virginia,36.7201,-77.1038,599.249,17941,Very limited,99,99
16049,Idaho County,ID,Idaho,45.8496,-115.4673,8477.499,17912,,,
29059,Dallas County,MO,Missouri,37.6836,-93.0338,540.951,17877,Very limited,92.5,92.5
47023,Chester County,TN,Tennessee,35.4203,-88.6114,285.736,17876,Very limited,94.2,94.2
47171,Unicoi County,TN,Tennessee,36.1001,-82.4182,186.064,17872,Very limited,92.8,92.8
05087,Madison County,AR,Arkansas,36.0125,-93.7241,834.238,17865,Very limited,85,85
37011,Avery County,NC,North Carolina,36.0721,-81.9203,247.338,17811,Very limited,94.2,94.2
22029,Concordia Parish,LA,Louisiana,31.4698,-91.6263,695.706,17797,Very limited,87.1,87.1
54065,Morgan County,WV,West Virginia,39.5573,-78.2565,229.096,17780,Very limited,97,97
31159,Seward County,NE,Nebraska,40.8719,-97.1404,571.431,17769,Very limited,89.3,89.3
48145,Falls County,TX,Texas,31.2519,-96.9341,765.495,17752,Very limited,92.5,92.5
13241,Rabun County,GA,Georgia,34.8839,-83.4049,370.137,17711,,,
48395,Robertson County,TX,Texas,31.0255,-96.5149,855.155,17659,Very limited,71,71
47153,Sequatchie County,TN,Tennessee,35.3723,-85.4101,265.851,17620,Very limited,85.4,85.4
12029,Dixie County,FL,Florida,29.5527,-83.2362,705.035,17614,Very limited,94.7,94.7
19055,Delaware County,IA,Iowa,42.473,-91.3668,577.685,17609,Very limited,96.1,96.1
05089,Marion County,AR,Arkansas,36.2667,-92.6786,596.598,17593,Very limited,85.1,85.1
05047,Franklin County,AR,Arkansas,35.5086,-93.8877,608.967,17586,Very limited,83.9,83.9
46065,Hughes County,SD,South Dakota,44.3845,-99.9757,741.527,17526,Very limited,78.9,78.9
23021,Piscataquis County,ME,Maine,45.9156,-69.1022,3960.847,17432,,,
28159,Winston County,MS,Mississippi,33.0787,-89.0374,607.251,17418,Very limited,94.2,94.2
46127,Union County,SD,South Dakota,42.8311,-96.6508,460.757,17402,Very limited,73.6,73.6
08051,Gunnison County,CO,Colorado,38.6705,-107.0569,3239.14,17310,,,
51141,Patrick County,VA,Virginia,36.6671,-80.2864,482.957,17308,Very limited,85.8,85.8
55065,Lafayette County,WI,Wisconsin,42.6556,-90.1303,633.588,17306,Very limited,88.8,88.8
51750,Radford city,VA,Virginia,37.1201,-80.5591,9.676,17273,,,
28007,Attala County,MS,Mississippi,33.0905,-89.5886,734.957,17222,Very limited,99.4,99.4
13159,Jasper County,GA,Georgia,33.317,-83.6892,368.406,17219,Somewhat limited,68,30.5
55013,Burnett County,WI,Wisconsin,45.8669,-92.3757,821.596,17187,Very limited,91.5,91.5
19121,Madison County,IA,Iowa,41.3306,-94.0152,561.006,17161,Very limited,96.2,96.2
54047,McDowell County,WV,West Virginia,37.3828,-81.6582,533.459,17147,Very limited,96.7,96.7
55103,Richland County,WI,Wisconsin,43.3762,-90.4357,586.15,17123,Very limited,92.8,92.8
29053,Cooper County,MO,Missouri,38.8471,-92.8101,564.746,17122,Very limited,94.2,94.2
36097,Schuyler County,NY,New York,42.4198,-76.9386,328.343,17121,Very limited,91,91
32013,Humboldt County,NV,Nevada,41.4079,-118.1276,9640.792,17116,,,
51029,Buckingham County,VA,Virginia,37.5739,-78.5292,579.623,17115,Very limited,85,85
47075,Haywood County,TN,Tennessee,35.5867,-89.2827,533.107,17097,Very limited,85.1,85.1
06043,Mariposa County,CA,California,37.5743,-119.9117,1448.84,17048,,,
17067,Hancock County,IL,Illinois,40.4013,-91.1688,793.748,17008,Very limited,82.1,82.1
04012,La Paz County,AZ,Arizona,33.7276,-114.0388,4496.579,16992,,,
55129,Washburn County,WI,Wisconsin,45.8925,-91.7964,797.114,16982,Very limited,92.6,92.6
51011,Appomattox County,VA,Virginia,37.3707,-78.8109,334.224,16957,Very limited,56.6,56.6
21161,Mason County,KY,Kentucky,38.5941,-83.8281,240.127,16956,Very limited,95.6,95.6
13017,Ben Hill County,GA,Georgia,31.7306,-83.163,250.119,16945,,,
37015,Bertie County,NC,North Carolina,36.059,-76.9624,699.176,16939,Very limited,91.1,91.1
05043,Drew County,AR,Arkansas,33.5872,-91.7228,828.667,16935,Very limited,93.8,93.8
19043,Clayton County,IA,Iowa,42.841,-91.3236,778.464,16931,Very limited,94.4,94.4
17181,Union County,IL,Illinois,37.4857,-89.2446,413.412,16886,Very limited,76,76
55007,Bayfield County,WI,Wisconsin,46.6342,-91.1773,1477.882,16838,Very limited,90.8,90.8
18045,Fountain County,IN,Indiana,40.1212,-87.2349,395.661,16833,Very limited,91.8,91.8
21147,McCreary County,KY,Kentucky,36.7311,-84.4911,426.709,16824,,,
28017,Chickasaw County,MS,Mississippi,33.9333,-88.9476,501.782,16774,Very limited,95.7,95.7
18139,Rush County,IN,Indiana,39.6224,-85.4665,408.137,16759,Very limited,99.7,99.7
41001,Baker County,OR,Oregon,44.7034,-117.6919,3067.967,16750,,,
19171,Tama County,IA,Iowa,42.0748,-92.5294,721.011,16738,Very limited,98.4,98.4
48289,Leon County,TX,Texas,31.3005,-95.9956,1073.156,16698,Very limited,63,63
08003,Alamosa County,CO,Colorado,37.5684,-105.788,722.645,16689,,,
05067,Jackson County,AR,Arkansas,35.5965,-91.2232,633.611,16673,Very limited,98.7,98.7
38077,Richland County,ND,North Dakota,46.2652,-96.938,1435.674,16658,Very limited,93.3,93.3
08097,Pitkin County,CO,Colorado,39.2175,-106.9162,970.701,16643,,,
17147,Piatt County,IL,Illinois,40.009,-88.5924,439.188,16628,Very limited,97.7,97.7
51685,Manassas Park city,VA,Virginia,38.7694,-77.4423,3.025,16611,,,
27065,Kanabec County,MN,Minnesota,45.9478,-93.2978,521.616,16608,Very limited,97,97
31131,Otoe County,NE,Nebraska,40.638,-96.131,615.618,16591,Very limited,94.4,94.4
37131,Northampton County,NC,North Carolina,36.4218,-77.3984,536.715,16580,Very limited,81.4,81.4
17005,Bond County,IL,Illinois,38.8859,-89.4366,380.336,16576,Very limited,95.3,95.3
51071,Giles County,VA,Virginia,37.3181,-80.6983,357.225,16533,Very limited,84.1,84.1
18121,Parke County,IN,Indiana,39.7743,-87.197,444.725,16508,Very limited,87.5,87.5
54041,Lewis County,WV,West Virginia,38.9889,-80.4955,386.932,16477,Very limited,95.9,95.9
19041,Clay County,IA,Iowa,43.0812,-95.1499,567.238,16474,Very limited,94.5,94.5
19083,Hardin County,IA,Iowa,42.3902,-93.2417,569.307,16464,Very limited,72.5,72.5
54091,Taylor County,WV,West Virginia,39.3325,-80.0466,172.771,16438,,,
19095,Iowa County,IA,Iowa,41.6839,-92.0591,586.455,16423,Very limited,98.6,98.6
17045,Edgar County,IL,Illinois,39.679,-87.7471,623.324,16398,Very limited,95.7,95.7
29013,Bates County,MO,Missouri,38.2572,-94.3392,836.696,16394,Very limited,99,99
19047,Crawford County,IA,Iowa,42.0431,-95.3891,714.198,16378,Very limited,67.6,67.6
13027,Brooks County,GA,Georgia,30.8229,-83.5819,493.184,16344,,,
27001,Aitkin County,MN,Minnesota,46.6024,-93.4197,1821.317,16335,Very limited,89.2,89.2
51520,Bristol city,VA,Virginia,36.617,-82.1576,12.874,16316,,,
05075,Lawrence County,AR,Arkansas,36.0411,-91.1012,587.528,16305,Very limited,92.4,92.4
20005,Atchison County,KS,Kansas,39.5325,-95.3134,431.174,16249,Very limited,94.9,94.9
21203,Rockcastle County,KY,Kentucky,37.361,-84.3144,316.567,16226,,,
17187,Warren County,IL,Illinois,40.8504,-90.6202,542.36,16217,Very limited,54.9,54.9
48415,Scurry County,TX,Texas,32.7444,-100.9133,905.445,16211,Very limited,78.2,78.2
21103,Henry County,KY,Kentucky,38.4514,-85.1196,286.251,16198,,,
55003,Ashland County,WI,Wisconsin,46.5444,-90.6797,1044.97,16196,Very limited,94.3,94.3
05037,Cross County,AR,Arkansas,35.2857,-90.764,616.318,16194,Very limited,94.2,94.2
16047,Gooding County,ID,Idaho,42.9732,-114.8214,729.323,16189,,,
47005,Benton County,TN,Tennessee,36.0709,-88.0712,394.306,16173,Very limited,88.7,88.7
13221,Oglethorpe County,GA,Georgia,33.8668,-83.0741,439.062,16172,Somewhat limited,54.4,44.8
08049,Grand County,CO,Colorado,40.1131,-106.1108,1846.582,16154,,,
05141,Van Buren County,AR,Arkansas,35.583,-92.516,709.571,16152,Very limited,90.8,90.8
40095,Marshall County,OK,Oklahoma,34.027,-96.7705,371.49,16147,Very limited,61.1,61.1
40117,Pawnee County,OK,Oklahoma,36.3137,-96.6967,568.353,16111,Very limited,81.8,81.8
13083,Dade County,GA,Georgia,34.8524,-85.5062,174.076,16068,,,
30041,Hill County,MT,Montana,48.632,-110.1063,2899.396,16065,Very limited,86.6,86.6
05001,Arkansas County,AR,Arkansas,34.2896,-91.3765,992.14,16050,Very limited,92.5,92.5
51830,Williamsburg city,VA,Virginia,37.2695,-76.7082,8.938,16030,,,
55023,Crawford County,WI,Wisconsin,43.2428,-90.9352,570.805,16008,Very limited,84.4,84.4
42105,Potter County,PA,Pennsylvania,41.7486,-77.8944,1081.249,15993,Very limited,96.6,96.6
35057,Torrance County,NM,New Mexico,34.555,-105.8906,3345.213,15986,,,
47181,Wayne County,TN,Tennessee,35.2428,-87.8198,734.109,15974,Very limited,93.3,93.3
35053,Socorro County,NM,New Mexico,33.9917,-106.9391,6646.387,15967,,,
45061,Lee County,SC,South Carolina,34.1586,-80.2512,410.187,15958,Very limited,69.5,69.5
21045,Casey County,KY,Kentucky,37.322,-84.9282,444.258,15948,Very limited,78.5,78.5
17191,Wayne County,IL,Illinois,38.4319,-88.4324,713.833,15928,Very limited,98.6,98.6
12065,Jefferson County,FL,Florida,30.3969,-83.9218,598.079,15921,Very limited,83.8,83.8
01029,Cleburne County,AL,Alabama,33.672,-85.5161,560.128,15905,Very limited,68.8,68.8
12045,Gulf County,FL,Florida,29.8592,-85.272,553.467,15876,Very limited,94.6,94.6
01057,Fayette County,AL,Alabama,33.7162,-87.7643,627.684,15863,Very limited,98.4,98.4
40073,Kingfisher County,OK,Oklahoma,35.9494,-97.9346,898.092,15820,Very limited,92.7,92.7
28061,Jasper County,MS,Mississippi,32.0167,-89.1192,676.311,15799,Very limited,92.5,92.5
21127,Lawrence County,KY,Kentucky,38.0745,-82.7383,415.598,15798,,,
19101,Jefferson County,IA,Iowa,41.0064,-91.9666,435.524,15781,Very limited,99,99
51025,Brunswick County,VA,Virginia,36.7642,-77.8615,566.351,15750,Very limited,71.6,71.6
55077,Marquette County,WI,Wisconsin,43.8261,-89.4091,455.706,15743,Very limited,96.5,96.5
12125,Union County,FL,Florida,30.0543,-82.3669,243.89,15738,Very limited,95.7,95.7
20139,Osage County,KS,Kansas,38.6502,-95.7083,705.506,15737,Very limited,96.6,96.6
05133,Sevier County,AR,Arkansas,33.9949,-94.2433,563.569,15735,Very limited,87,87
51063,Floyd County,VA,Virginia,36.9314,-80.3503,380.923,15658,Very limited,84.3,84.3
18013,Brown County,IN,Indiana,39.1951,-86.2301,312,15650,Very limited,98.1,98.1
06105,Trinity County,CA,California,40.6479,-123.1147,3179.268,15642,,,
16041,Franklin County,ID,Idaho,42.1736,-111.823,663.019,15638,,,
51135,Nottoway County,VA,Virginia,37.1412,-78.0539,314.39,15632,Somewhat limited,49.9,47.6
51043,Clarke County,VA,Virginia,39.1153,-77.9907,175.958,15598,Very limited,87.6,87.6
21069,Fleming County,KY,Kentucky,38.3678,-83.6992,348.672,15591,Very limited,96,96
47007,Bledsoe County,TN,Tennessee,35.5936,-85.2059,406.555,15591,Very limited,89.4,89.4
28051,Holmes County,MS,Mississippi,33.1259,-90.0912,756.674,15560,Very limited,78.8,78.8
20133,Neosho County,KS,Kansas,37.5643,-95.3157,571.481,15552,Very limited,98,98
18165,Vermillion County,IN,Indiana,39.854,-87.4621,256.894,15516,Very limited,91,91
17015,Carroll County,IL,Illinois,42.0709,-89.9242,445.406,15444,Somewhat limited,51,43.5
54001,Barbour County,WV,West Virginia,39.1397,-79.9969,341.059,15369,Very limited,97.7,97.7
17159,Richland County,IL,Illinois,38.7122,-88.0855,360.047,15362,Very limited,95.5,95.5
18159,Tipton County,IN,Indiana,40.3102,-86.0562,260.541,15324,Very limited,97.4,97.4
17039,De Witt County,IL,Illinois,40.1815,-88.9019,397.561,15319,Very limited,92.4,92.4
29135,Moniteau County,MO,Missouri,38.633,-92.5836,415.033,15294,Very limited,99.1,99.1
17131,Mercer County,IL,Illinois,41.2056,-90.7418,561.24,15292,Very limited,57.7,57.7
48239,Jackson County,TX,Texas,28.9598,-96.5891,829.443,15284,Very limited,96.1,96.1
27135,Roseau County,MN,Minnesota,48.7611,-95.8215,1671.739,15265,Very limited,99.2,99.2
51077,Grayson County,VA,Virginia,36.6522,-81.2153,441.785,15265,Very limited,94,94
27127,Redwood County,MN,Minnesota,44.4035,-95.2542,878.573,15254,Very limited,96.2,96.2
46027,Clay County,SD,South Dakota,42.9162,-96.9805,412.022,15245,Very limited,88.2,88.2
26113,Missaukee County,MI,Michigan,44.3254,-85.0855,564.794,15239,Very limited,98.3,98.3
29143,New Madrid County,MO,Missouri,36.5943,-89.6559,674.884,15212,Very limited,93.5,93.5
27143,Sibley County,MN,Minnesota,44.5757,-94.2301,588.967,15194,Very limited,96.4,96.4
29121,Macon County,MO,Missouri,39.8298,-92.5643,801.208,15177,Very limited,98.5,98.5
22125,West Feliciana Parish,LA,Louisiana,30.8734,-91.4218,403.219,15155,Very limited,74.8,74.8
28023,Clarke County,MS,Mississippi,32.0454,-88.688,691.576,15155,Very limited,89.3,89.3
47015,Cannon County,TN,Tennessee,35.8084,-86.0624,265.635,15142,Very limited,91.7,91.7
48255,Karnes County,TX,Texas,28.909,-97.8522,747.752,15137,Very limited,84.3,84.3
21123,Larue County,KY,Kentucky,37.5445,-85.6968,261.065,15128,,,
13161,Jeff Davis County,GA,Georgia,31.8116,-82.6368,330.919,15119,,,
01065,Hale County,AL,Alabama,32.7528,-87.6231,643.991,15116,Very limited,83,83
26011,Arenac County,MI,Michigan,44.0368,-83.7407,363.178,15087,Very limited,96.1,96.1
17023,Clark County,IL,Illinois,39.3323,-87.7917,501.39,15076,Very limited,96.2,96.2
19145,Page County,IA,Iowa,40.7391,-95.1443,534.944,15038,Very limited,98.6,98.6
51610,Falls Church city,VA,Virginia,38.8847,-77.1756,2.046,15034,Very limited,50.7,50.7
37121,Mitchell County,NC,North Carolina,36.0131,-82.1636,221.251,15030,Very limited,89,89
29039,Cedar County,MO,Missouri,37.7337,-93.85,474.47,15023,Very limited,92.7,92.7
13163,Jefferson County,GA,Georgia,33.0582,-82.42,526.555,15019,,,
01129,Washington County,AL,Alabama,31.4085,-88.2124,1080.255,15018,Very limited,89.6,89.6
19067,Floyd County,IA,Iowa,43.0527,-92.7874,500.571,15008,Very limited,97.7,97.7
19079,Hamilton County,IA,Iowa,42.3908,-93.7091,576.731,14856,Very limited,93.9,93.9
21191,Pendleton County,KY,Kentucky,38.6963,-84.3519,277.148,14844,,,
17101,Lawrence County,IL,Illinois,38.719,-87.7302,372.179,14801,Very limited,93.4,93.4
22049,Jackson Parish,LA,Louisiana,32.3043,-92.5617,569.655,14797,Very limited,86,86
38053,McKenzie County,ND,North Dakota,47.7425,-103.4032,2760.133,14782,Very limited,84.7,84.7
51125,Nelson County,VA,Virginia,37.7891,-78.8834,470.745,14766,Very limited,84.7,84.7
31151,Saline County,NE,Nebraska,40.5168,-97.1318,574.07,14740,Very limited,90.2,90.2
29065,Dent County,MO,Missouri,37.6031,-91.4897,752.761,14721,Very limited,91.3,91.3
19129,Mills County,IA,Iowa,41.0337,-95.6191,437.431,14717,Very limited,71,71
48371,Pecos County,TX,Texas,30.7733,-102.7182,4763.835,14712,Very limited,75,75
22059,LaSalle Parish,LA,Louisiana,31.6801,-92.1616,624.854,14702,Very limited,86.8,86.8
25019,Nantucket County,MA,Massachusetts,41.2934,-70.1022,46.192,14670,Very limited,77.6,77.6
05107,Phillips County,AR,Arkansas,34.4237,-90.8556,690.36,14661,Very limited,90.6,90.6
29117,Livingston County,MO,Missouri,39.7786,-93.5482,532.303,14658,Very limited,98.6,98.6
29073,Gasconade County,MO,Missouri,38.4412,-91.5058,519.005,14655,Very limited,98.1,98.1
51005,Alleghany County,VA,Virginia,37.7879,-80.0087,446.572,14632,Very limited,91,91
19085,Harrison County,IA,Iowa,41.6886,-95.8271,696.874,14626,Very limited,55,55
48059,Callahan County,TX,Texas,32.2931,-99.3722,899.372,14615,Very limited,98.5,98.5
49037,San Juan County,UT,Utah,37.6026,-109.7916,7823.687,14601,,,
40005,Atoka County,OK,Oklahoma,34.3925,-96.0366,975.454,14600,Very limited,74.7,74.7
21221,Trigg County,KY,Kentucky,36.8077,-87.8587,441.433,14559,,,
08071,Las Animas County,CO,Colorado,37.3188,-104.0441,4772.938,14518,,,
40035,Craig County,OK,Oklahoma,36.7639,-95.2016,761.264,14506,Very limited,95.3,95.3
48455,Trinity County,TX,Texas,31.0967,-95.1517,693.857,14489,Very limited,96.2,96.2
27129,Renville County,MN,Minnesota,44.7237,-94.9556,982.896,14453,Very limited,96,96
42057,Fulton County,PA,Pennsylvania,39.9108,-78.1226,437.551,14452,Very limited,95.2,95.2
27159,Wadena County,MN,Minnesota,46.587,-94.9886,536.347,14437,Very limited,98.2,98.2
20011,Bourbon County,KS,Kansas,37.8561,-94.8509,635.461,14424,Very limited,99.2,99.2
19109,Kossuth County,IA,Iowa,43.2123,-94.214,972.735,14408,Very limited,92.4,92.4
29155,Pemiscot County,MO,Missouri,36.2099,-89.7859,492.605,14407,Very limited,92,92
16043,Fremont County,ID,Idaho,44.2181,-111.4844,1863.96,14399,,,
31185,York County,NE,Nebraska,40.8731,-97.5967,572.516,14375,Very limited,92.7,92.7
17139,Moultrie County,IL,Illinois,39.6369,-88.6257,335.958,14365,Very limited,97,97
47161,Stewart County,TN,Tennessee,36.4495,-87.8062,459.776,14365,Very limited,87.2,87.2
48093,Comanche County,TX,Texas,31.9516,-98.5496,937.753,14359,Very limited,84.7,84.7
54031,Hardy County,WV,West Virginia,39.0114,-78.8417,582.315,14335,,,
12047,Hamilton County,FL,Florida,30.4984,-82.9511,514.295,14334,Very limited,88.6,88.6
53051,Pend Oreille County,WA,Washington,48.5438,-117.2322,1400.245,14332,,,
13251,Screven County,GA,Georgia,32.7448,-81.6176,645.821,14325,Very limited,86.1,86.1
21175,Morgan County,KY,Kentucky,37.9229,-83.2589,381.104,14300,,,
05065,Izard County,AR,Arkansas,36.0949,-91.9136,580.201,14291,Very limited,67.2,67.2
39121,Noble County,OH,Ohio,39.7672,-81.4525,397.969,14269,Very limited,97.7,97.7
19141,O'Brien County,IA,Iowa,43.0837,-95.6256,573.035,14260,Very limited,98.8,98.8
17149,Pike County,IL,Illinois,39.6251,-90.889,831.352,14258,Very limited,75.6,75.6
51113,Madison County,VA,Virginia,38.4121,-78.277,320.638,14252,Very limited,63,63
56007,Carbon County,WY,Wyoming,41.7036,-106.9332,7897.746,14250,,,
45017,Calhoun County,SC,South Carolina,33.6748,-80.7803,381.146,14249,Very limited,66.2,66.2
01027,Clay County,AL,Alabama,33.2704,-85.8635,603.962,14239,Very limited,70.5,70.5
26053,Gogebic County,MI,Michigan,46.4881,-89.7883,1102.136,14217,Very limited,93.1,93.1
19005,Allamakee County,IA,Iowa,43.275,-91.3828,639.071,14184,Very limited,93.3,93.3
48353,Nolan County,TX,Texas,32.3123,-100.4181,911.994,14182,Very limited,88.6,88.6
40023,Choctaw County,OK,Oklahoma,34.0277,-95.5541,770.383,14174,Very limited,67.5,67.5
55107,Rusk County,WI,Wisconsin,45.4727,-91.1367,913.511,14168,Very limited,96.6,96.6
19023,Butler County,IA,Iowa,42.7348,-92.7802,580.138,14156,Very limited,97.2,97.2
47061,Grundy County,TN,Tennessee,35.3934,-85.7104,360.444,14148,Very limited,80.7,80.7
18111,Newton County,IN,Indiana,40.9624,-87.4022,401.755,14131,Very limited,97.8,97.8
05021,Clay County,AR,Arkansas,36.3673,-90.4187,639.224,14112,Very limited,99.3,99.3
08007,Archuleta County,CO,Colorado,37.2024,-107.0509,1350.089,14112,,,
55099,Price County,WI,Wisconsin,45.6791,-90.3597,1254.059,14087,Very limited,97,97
16079,Shoshone County,ID,Idaho,47.3477,-115.8851,2637.425,14074,,,
28129,Smith County,MS,Mississippi,32.019,-89.4949,636.268,14051,Very limited,86.3,86.3
39067,Harrison County,OH,Ohio,40.2923,-81.0916,402.331,14042,Very limited,95.8,95.8
16021,Boundary County,ID,Idaho,48.7731,-116.5247,1268.679,14040,,,
21065,Estill County,KY,Kentucky,37.6924,-83.964,253.081,14002,,,
47033,Crockett County,TN,Tennessee,35.8188,-89.1325,265.528,13973,Very limited,95.9,95.9
37173,Swain County,NC,North Carolina,35.5688,-83.4656,527.725,13945,,,
47121,Meigs County,TN,Tennessee,35.5122,-84.8161,195.135,13937,Very limited,73.4,73.4
30089,Sanders County,MT,Montana,47.7565,-115.1803,2760.4,13895,,,
37041,Chowan County,NC,North Carolina,36.129,-76.6028,172.657,13891,Very limited,67.6,67.6
27043,Faribault County,MN,Minnesota,43.6765,-93.9472,712.479,13886,Very limited,91.1,91.1
48313,Madison County,TX,Texas,30.9669,-95.9304,466.116,13877,Very limited,95.6,95.6
28147,Walthall County,MS,Mississippi,31.1645,-90.1034,403.928,13839,Very limited,80.5,80.5
51690,Martinsville city,VA,Virginia,36.6835,-79.8636,10.956,13834,,,
48505,Zapata County,TX,Texas,26.997,-99.1826,998.415,13819,Very limited,41,41
54103,Wetzel County,WV,West Virginia,39.5982,-80.6354,358.072,13766,Very limited,98.1,98.1
56009,Converse County,WY,Wyoming,42.9846,-105.5248,4254.994,13766,,,
40099,Murray County,OK,Oklahoma,34.4858,-97.0716,416.375,13754,Very limited,89.4,89.4
51007,Amelia County,VA,Virginia,37.3319,-77.9775,355.36,13716,Somewhat limited,56.6,42.6
02130,Ketchikan Gateway Borough,AK,Alaska,55.4499,-131.1067,4857.091,13677,,,
28041,Greene County,MS,Mississippi,31.2128,-88.6348,712.738,13675,Very limited,83.4,83.4
27113,Pennington County,MN,Minnesota,48.0692,-96.0377,616.52,13652,Very limited,98.5,98.5
17127,Massac County,IL,Illinois,37.2161,-88.7057,237.152,13627,Very limited,93.9,93.9
26039,Crawford County,MI,Michigan,44.6802,-84.6113,556.418,13599,Very limited,98.4,98.4
49027,Millard County,UT,Utah,38.9567,-113.1331,6785.482,13572,,,
01075,Lamar County,AL,Alabama,33.7871,-88.0874,604.783,13543,Very limited,95.9,95.9
54087,Roane County,WV,West Virginia,38.743,-81.3545,483.563,13540,,,
22027,Claiborne Parish,LA,Louisiana,32.8272,-92.9897,754.794,13537,Very limited,89,89
17189,Washington County,IL,Illinois,38.3531,-89.4172,562.597,13535,Very limited,96,96
39115,Morgan County,OH,Ohio,39.6249,-81.8617,416.426,13532,Very limited,98.6,98.6
20085,Jackson County,KS,Kansas,39.4111,-95.7945,656.219,13525,Very limited,99.1,99.1
30035,Glacier County,MT,Montana,48.7057,-112.9905,2995.151,13503,,,
29151,Osage County,MO,Missouri,38.4643,-91.8595,606.58,13478,Very limited,96.5,96.5
55011,Buffalo County,WI,Wisconsin,44.3856,-91.7613,675.791,13464,Very limited,86.7,86.7
37143,Perquimans County,NC,North Carolina,36.1809,-76.4032,247.176,13460,Very limited,72.9,72.9
17053,Ford County,IL,Illinois,40.5965,-88.2246,485.597,13451,Very limited,99.8,99.8
21119,Knott County,KY,Kentucky,37.3544,-82.9525,351.524,13438,,,
47101,Lewis County,TN,Tennessee,35.5232,-87.497,282.092,13418,Very limited,77.5,77.5
51051,Dickenson County,VA,Virginia,37.1367,-82.3492,330.442,13411,Very limited,93,93
22127,Winn Parish,LA,Louisiana,31.9412,-92.6413,950.004,13405,Very limited,97,97
17193,White County,IL,Illinois,38.0873,-88.1786,494.983,13395,Very limited,90.3,90.3
40063,Hughes County,OK,Oklahoma,35.0529,-96.2512,804.473,13371,Very limited,86.4,86.4
46102,Oglala Lakota County,SD,South Dakota,43.3334,-102.5615,2093.601,13360,,,
21109,Jackson County,KY,Kentucky,37.4035,-84.0206,345.227,13358,,,
48031,Blanco County,TX,Texas,30.2662,-98.3993,709.252,13358,,,
17087,Johnson County,IL,Illinois,37.4607,-88.8821,343.737,13320,Very limited,94.8,94.8
48379,Rains County,TX,Texas,32.8705,-95.7956,229.492,13306,,,
30043,Jefferson County,MT,Montana,46.1242,-112.0594,1656.997,13304,,,
49023,Juab County,UT,Utah,39.7141,-112.7905,3391.812,13297,,,
12013,Calhoun County,FL,Florida,30.3888,-85.1979,567.336,13278,Very limited,93.8,93.8
26141,Presque Isle County,MI,Michigan,45.2524,-83.4323,658.719,13230,Very limited,88.6,88.6
13281,Towns County,GA,Georgia,34.9025,-83.7323,166.596,13184,,,
21225,Union County,KY,Kentucky,37.658,-87.9517,342.878,13178,,,
48063,Camp County,TX,Texas,32.9746,-94.9791,195.848,13164,,,
08081,Moffat County,CO,Colorado,40.6109,-108.2172,4743.244,13142,,,
12043,Glades County,FL,Florida,26.9548,-81.1908,806.822,13132,Very limited,75.2,75.2
01041,Crenshaw County,AL,Alabama,31.7303,-86.32,608.865,13114,Very limited,76.8,76.8
49029,Morgan County,UT,Utah,41.091,-111.5779,609.197,13093,,,
39111,Monroe County,OH,Ohio,39.7263,-81.091,455.581,13051,Very limited,96.7,96.7
19029,Cass County,IA,Iowa,41.3338,-94.9333,564.258,13024,Very limited,98.5,98.5
13049,Charlton County,GA,Georgia,30.7799,-82.1396,780.093,13021,,,
26085,Lake County,MI,Michigan,43.9952,-85.8114,567.595,13005,,,
06051,Mono County,CA,California,37.9158,-118.8752,3048.904,12991,,,
12037,Franklin County,FL,Florida,29.6778,-84.8152,545.002,12979,Very limited,94,94
21011,Bath County,KY,Kentucky,38.1522,-83.7376,277.992,12951,Very limited,93.4,93.4
16081,Teton County,ID,Idaho,43.761,-111.2118,449.091,12932,,,
21197,Powell County,KY,Kentucky,37.8096,-83.8312,178.962,12928,,,
21135,Lewis County,KY,Kentucky,38.535,-83.3701,482.858,12875,Very limited,94.6,94.6
45009,Bamberg County,SC,South Carolina,33.203,-81.0532,393.367,12870,Very limited,82.4,82.4
05079,Lincoln County,AR,Arkansas,33.9564,-91.7424,559.466,12868,,,
21233,Webster County,KY,Kentucky,37.5204,-87.6852,332.027,12854,,,
51735,Poquoson city,VA,Virginia,37.1284,-76.3035,15.357,12854,,,
29123,Madison County,MO,Missouri,37.4745,-90.3434,494.386,12852,Very limited,86.3,86.3
17025,Clay County,IL,Illinois,38.7468,-88.4823,468.351,12821,Very limited,96.1,96.1
21025,Breathitt County,KY,Kentucky,37.5178,-83.3172,492.422,12804,Very limited,98.6,98.6
30003,Big Horn County,MT,Montana,45.4079,-107.5182,4997.778,12796,,,
05137,Stone County,AR,Arkansas,35.857,-92.1405,606.44,12785,Very limited,89.3,89.3
16085,Valley County,ID,Idaho,44.856,-115.6181,3665.12,12777,,,
21219,Todd County,KY,Kentucky,36.8403,-87.1836,374.518,12757,Very limited,60.7,60.7
28013,Calhoun County,MS,Mississippi,33.9366,-89.3371,586.573,12754,Very limited,98.7,98.7
16073,Owyhee County,ID,Idaho,42.5729,-116.1897,7668.204,12748,,,
19197,Wright County,IA,Iowa,42.733,-93.7347,580.412,12729,Very limited,93.4,93.4
17017,Cass County,IL,Illinois,39.9692,-90.2457,375.754,12713,Very limited,69.9,69.9
48279,Lamb County,TX,Texas,34.0689,-102.348,1016.181,12687,Somewhat limited,73.3,25.6
53059,Skamania County,WA,Washington,46.0248,-121.9532,1658.268,12660,,,
02150,Kodiak Island Borough,AK,Alaska,57.7044,-153.9184,6689.486,12654,,,
21061,Edmonson County,KY,Kentucky,37.2275,-86.218,302.806,12635,,,
56015,Goshen County,WY,Wyoming,42.0895,-104.3535,2225.613,12635,,,
13023,Bleckley County,GA,Georgia,32.4354,-83.3317,215.878,12626,,,
21033,Caldwell County,KY,Kentucky,37.1486,-87.8705,344.835,12611,Very limited,85.9,85.9
21031,Butler County,KY,Kentucky,37.207,-86.6825,426.112,12551,,,
37137,Pamlico County,NC,North Carolina,35.1476,-76.6653,336.513,12550,Very limited,54.5,54.5
05049,Fulton County,AR,Arkansas,36.3813,-91.8193,617.994,12546,Very limited,80.6,80.6
39163,Vinton County,OH,Ohio,39.252,-82.486,412.36,12545,Very limited,99.5,99.5
17125,Mason County,IL,Illinois,40.237,-89.9136,539.352,12543,Very limited,90.3,90.3
54063,Monroe County,WV,West Virginia,37.5541,-80.5503,472.754,12462,Very limited,91.1,91.1
28161,Yalobusha County,MS,Mississippi,34.0307,-89.7038,467.151,12458,Very limited,90.3,90.3
48487,Wilbarger County,TX,Texas,34.0849,-99.2424,970.946,12455,Very limited,86.8,86.8
28005,Amite County,MS,Mississippi,31.2039,-90.7955,730.1,12451,Very limited,91.7,91.7
20001,Allen County,KS,Kansas,37.8842,-95.3009,500.298,12425,Very limited,99,99
18131,Pulaski County,IN,Indiana,41.0453,-86.6925,433.678,12421,Very limited,98.9,98.9
22013,Bienville Parish,LA,Louisiana,32.341,-93.0412,811.327,12412,Very limited,85,85
19075,Grundy County,IA,Iowa,42.4033,-92.7902,501.855,12405,Very limited,99.8,99.8
51133,Northumberland County,VA,Virginia,37.857,-76.3797,191.433,12397,Very limited,70,70
05061,Howard County,AR,Arkansas,34.0831,-93.9909,587.332,12387,Very limited,85.8,85.8
19119,Lyon County,IA,Iowa,43.3836,-96.2072,587.609,12378,Very limited,96.7,96.7
47087,Jackson County,TN,Tennessee,36.3543,-85.6741,308.81,12376,Very limited,82.4,82.4
41049,Morrow County,OR,Oregon,45.4255,-119.6023,2030.529,12360,,,
13079,Crawford County,GA,Georgia,32.7094,-83.9792,324.914,12349,,,
35007,Colfax County,NM,New Mexico,36.613,-104.6401,3757.976,12307,Very limited,90.1,90.1
27023,Chippewa County,MN,Minnesota,45.0286,-95.5641,581.225,12299,Very limited,82.8,82.8
29067,Douglas County,MO,Missouri,36.9465,-92.5159,813.623,12290,Very limited,81.8,81.8
21229,Washington County,KY,Kentucky,37.7542,-85.1754,297.286,12269,Very limited,94.8,94.8
48343,Morris County,TX,Texas,33.1165,-94.7313,251.989,12184,,,
47169,Trousdale County,TN,Tennessee,36.393,-86.1567,114.342,12159,Very limited,79.5,79.5
13149,Heard County,GA,Georgia,33.2913,-85.1379,295.973,12119,,,
18125,Pike County,IN,Indiana,38.398,-87.2325,334.351,12116,Very limited,91,91
19007,Appanoose County,IA,Iowa,40.7442,-92.8731,497.299,12106,Very limited,94.5,94.5
56003,Big Horn County,WY,Wyoming,44.5251,-107.9948,3136.957,12084,,,
51111,Lunenburg County,VA,Virginia,36.9456,-78.2405,431.7,12060,Somewhat limited,52.4,47
01023,Choctaw County,AL,Alabama,31.991,-88.2489,913.479,12052,Very limited,89.6,89.6
54007,Braxton County,WV,West Virginia,38.6993,-80.7317,510.735,12051,Very limited,97.5,97.5
37043,Clay County,NC,North Carolina,35.053,-83.7523,215.004,12042,Very limited,91.8,91.8
51131,Northampton County,VA,Virginia,37.3028,-75.924,211.715,12004,Very limited,56.8,56.8
48297,Live Oak County,TX,Texas,28.3515,-98.1269,1039.695,11967,Very limited,60,60
30017,Custer County,MT,Montana,46.2614,-105.5504,3783.309,11964,Very limited,73.9,73.9
17129,Menard County,IL,Illinois,40.0226,-89.7941,314.391,11963,Very limited,76.4,76.4
08099,Prowers County,CO,Colorado,37.9584,-102.3918,1638.407,11957,Very limited,66,66
48389,Reeves County,TX,Texas,31.3084,-103.7127,2635.354,11956,Very limited,72.3,72.3
19175,Union County,IA,Iowa,41.0286,-94.2451,423.645,11955,Very limited,98,98
29115,Linn County,MO,Missouri,39.8644,-93.108,615.588,11910,Very limited,99.4,99.4
48351,Newton County,TX,Texas,30.7867,-93.7392,933.677,11908,,,
30027,Fergus County,MT,Montana,47.2218,-109.233,4339.329,11862,Very limited,88.2,88.2
53043,Lincoln County,WA,Washington,47.5827,-118.4177,2310.603,11862,Very limited,80.9,80.9
13193,Macon County,GA,Georgia,32.3627,-84.0512,400.662,11831,,,
19165,Shelby County,IA,Iowa,41.679,-95.3089,590.776,11821,Very limited,77.8,77.8
18009,Blackford County,IN,Indiana,40.4727,-85.3237,165.082,11816,Very limited,98.5,98.5
40061,Haskell County,OK,Oklahoma,35.2324,-95.1096,576.725,11811,Very limited,84.5,84.5
13191,McIntosh County,GA,Georgia,31.4856,-81.3721,431.347,11800,Very limited,84.9,84.9
47039,Decatur County,TN,Tennessee,35.6031,-88.1103,333.879,11800,Very limited,89.6,89.6
48115,Dawson County,TX,Texas,32.7425,-101.9488,900.309,11758,Somewhat limited,84.4,15.2
29133,Mississippi County,MO,Missouri,36.8263,-89.2959,411.596,11750,Very limited,92.6,92.6
19037,Chickasaw County,IA,Iowa,43.0597,-92.3172,504.324,11719,Very limited,98.3,98.3
29011,Barton County,MO,Missouri,37.5009,-94.3441,592.03,11717,Very limited,98.9,98.9
26071,Iron County,MI,Michigan,46.1703,-88.5405,1166.116,11709,Very limited,97.6,97.6
48387,Red River County,TX,Texas,33.6196,-95.0484,1043.896,11696,Very limited,92.5,92.5
38079,Rolette County,ND,North Dakota,48.7683,-99.8405,903.042,11692,Very limited,84.4,84.4
28077,Lawrence County,MS,Mississippi,31.55,-90.1075,430.602,11672,Very limited,92.2,92.2
20115,Marion County,KS,Kansas,38.3596,-97.1028,944.299,11670,Very limited,91.4,91.4
19035,Cherokee County,IA,Iowa,42.7427,-95.6333,576.907,11658,Very limited,96.7,96.7
05081,Little River County,AR,Arkansas,33.7019,-94.2363,531.255,11626,,,
01119,Sumter County,AL,Alabama,32.5975,-88.2001,903.826,11607,Very limited,95.2,95.2
48445,Terry County,TX,Texas,33.1712,-102.3393,888.852,11602,Somewhat limited,87,12.6
27071,Koochiching County,MN,Minnesota,48.2454,-93.7829,3104.706,11594,,,
17123,Marshall County,IL,Illinois,41.0311,-89.3424,386.822,11552,Very limited,82.9,82.9
21087,Green County,KY,Kentucky,37.2781,-85.5379,285.963,11552,,,
54089,Summers County,WV,West Virginia,37.656,-80.8563,360.594,11544,,,
16087,Washington County,ID,Idaho,44.4482,-116.7978,1452.855,11539,,,
29139,Montgomery County,MO,Missouri,38.9352,-91.4654,535.047,11511,Very limited,98.5,98.5
38071,Ramsey County,ND,North Dakota,48.2662,-98.739,1185.367,11510,Very limited,85,85
30009,Carbon County,MT,Montana,45.2245,-109.0286,2047.889,11498,,,
27121,Pope County,MN,Minnesota,45.5896,-95.4467,674.559,11495,Very limited,80,80
21187,Owen County,KY,Kentucky,38.4994,-84.8416,350.487,11435,,,
17061,Greene County,IL,Illinois,39.3554,-90.3877,543.144,11417,Very limited,63.9,63.9
28111,Perry County,MS,Mississippi,31.1693,-88.9888,647.274,11406,Very limited,69.8,69.8
35051,Sierra County,NM,New Mexico,33.1195,-107.1882,4181.214,11389,,,
37005,Alleghany County,NC,North Carolina,36.4894,-81.1323,234.835,11379,Very limited,94.7,94.7
40107,Okfuskee County,OK,Oklahoma,35.4668,-96.3278,618.458,11364,Very limited,92.4,92.4
27033,Cottonwood County,MN,Minnesota,44.0106,-95.1832,639.973,11338,Very limited,90.4,90.4
51037,Charlotte County,VA,Virginia,37.009,-78.6586,475.296,11258,Somewhat limited,62.9,35.9
27165,Watonwan County,MN,Minnesota,43.9781,-94.6138,434.947,11204,Very limited,94.4,94.4
13093,Dooly County,GA,Georgia,32.152,-83.8072,392.631,11186,,,
37029,Camden County,NC,North Carolina,36.3423,-76.1625,240.326,11184,Very limited,72.2,72.2
21171,Monroe County,KY,Kentucky,36.7141,-85.7135,329.475,11163,Very limited,63.8,63.8
51081,Greensville County,VA,Virginia,36.6803,-77.5603,295.377,11150,Very limited,95.4,95.4
26097,Mackinac County,MI,Michigan,46.1679,-85.3038,1021.879,11144,Very limited,97.2,97.2
08105,Rio Grande County,CO,Colorado,37.4859,-106.4531,911.956,11132,,,
13043,Candler County,GA,Georgia,32.404,-82.0713,243.063,11130,,,
21153,Magoffin County,KY,Kentucky,37.699,-83.0697,308.443,11118,,,
21041,Carroll County,KY,Kentucky,38.6684,-85.124,128.7,11111,,,
01035,Conecuh County,AL,Alabama,31.4309,-86.9887,850.279,11109,Very limited,58.3,58.3
51103,Lancaster County,VA,Virginia,37.7048,-76.4127,133.325,11062,,,
28065,Jefferson Davis County,MS,Mississippi,31.5648,-89.8271,408.446,11059,Very limited,75.9,75.9
13005,Bacon County,GA,Georgia,31.5502,-82.4514,284.085,11045,,,
48475,Ward County,TX,Texas,31.5131,-103.1051,835.603,11038,Very limited,58.1,58.1
30083,Richland County,MT,Montana,47.7856,-104.5634,2084.556,11028,Very limited,85.1,85.1
46079,Lake County,SD,South Dakota,44.0284,-97.1232,562.905,11006,Very limited,93,93
13271,Telfair County,GA,Georgia,31.9136,-82.9311,437.307,11000,,,
17185,Wabash County,IL,Illinois,38.4458,-87.8392,223.323,10979,Very limited,87.5,87.5
54023,Grant County,WV,West Virginia,39.106,-79.1951,477.373,10971,,,
51119,Middlesex County,VA,Virginia,37.607,-76.5281,130.328,10949,Very limited,56,56
28135,Tallahatchie County,MS,Mississippi,33.9545,-90.1722,645.59,10921,Very limited,91.4,91.4
48159,Franklin County,TX,Texas,33.1758,-95.2191,284.403,10912,,,
40103,Noble County,OK,Oklahoma,36.3849,-97.2363,731.712,10896,Very limited,83.1,83.1
46019,Butte County,SD,South Dakota,44.8962,-103.5014,2250.01,10891,Very limited,86,86
13109,Evans County,GA,Georgia,32.1531,-81.8902,182.893,10869,,,
22091,St. Helena Parish,LA,Louisiana,30.8225,-90.7083,408.527,10857,Very limited,82.1,82.1
40149,Washita County,OK,Oklahoma,35.2899,-98.9923,1003.089,10839,Very limited,85.6,85.6
31037,Colfax County,NE,Nebraska,41.575,-97.0889,411.46,10826,Very limited,72.3,72.3
29223,Wayne County,MO,Missouri,37.1111,-90.4539,759.187,10820,Very limited,84.5,84.5
40127,Pushmataha County,OK,Oklahoma,34.3779,-95.4081,1395.589,10800,Very limited,84.9,84.9
38003,Barnes County,ND,North Dakota,46.9425,-98.0702,1491.559,10798,Very limited,55.2,55.2
19077,Guthrie County,IA,Iowa,41.6836,-94.5013,590.614,10774,Very limited,89,89
51183,Sussex County,VA,Virginia,36.9266,-77.2597,490.244,10753,Very limited,98.3,98.3
48077,Clay County,TX,Texas,33.7859,-98.2129,1088.76,10730,Very limited,95.4,95.4
29181,Ripley County,MO,Missouri,36.6502,-90.8748,629.516,10715,Very limited,83.1,83.1
31013,Box Butte County,NE,Nebraska,42.2104,-103.0818,1075.233,10703,Somewhat limited,50.6,42.5
27075,Lake County,MN,Minnesota,47.5171,-91.4117,2109.108,10698,Very limited,85.4,85.4
21159,Martin County,KY,Kentucky,37.7968,-82.5066,229.644,10696,,,
51057,Essex County,VA,Virginia,37.9364,-76.9337,257.34,10683,Very limited,90.4,90.4
02185,North Slope Borough,AK,Alaska,69.4493,-153.4728,88792.783,10663,,,
37187,Washington County,NC,North Carolina,35.8447,-76.5723,346.51,10654,Very limited,81.6,81.6
19131,Mitchell County,IA,Iowa,43.3486,-92.7845,469.256,10632,Very limited,97.6,97.6
19115,Louisa County,IA,Iowa,41.2182,-91.257,401.777,10630,Very limited,94.9,94.9
26001,Alcona County,MI,Michigan,44.6575,-83.2946,674.655,10624,Very limited,88.6,88.6
19081,Hancock County,IA,Iowa,43.0754,-93.7437,571.005,10616,Very limited,93,93
29017,Bollinger County,MO,Missouri,37.3184,-90.0246,617.904,10610,Very limited,94.4,94.4
21169,Metcalfe County,KY,Kentucky,36.9924,-85.6335,289.651,10558,Very limited,67.3,67.3
16009,Benewah County,ID,Idaho,47.2185,-116.6335,776.932,10529,,,
18025,Crawford County,IN,Indiana,38.2894,-86.4409,305.613,10523,Very limited,92.2,92.2
29173,Ralls County,MO,Missouri,39.5535,-91.5248,469.793,10499,Very limited,95.3,95.3
31041,Custer County,NE,Nebraska,41.3939,-99.7269,2575.458,10487,Very limited,78.2,78.2
13173,Lanier County,GA,Georgia,31.0382,-83.0632,196.537,10464,,,
13099,Early County,GA,Georgia,31.3242,-84.9067,512.6,10444,,,
40085,Love County,OK,Oklahoma,33.9578,-97.2451,513.914,10423,Very limited,71.6,71.6
31145,Red Willow County,NE,Nebraska,40.1694,-100.4686,717.17,10409,Somewhat limited,66.1,33.5
19189,Winnebago County,IA,Iowa,43.3781,-93.7435,400.489,10383,Very limited,87.7,87.7
05041,Desha County,AR,Arkansas,33.8288,-91.2441,741.227,10321,Very limited,81.8,81.8
17035,Cumberland County,IL,Illinois,39.2731,-88.2406,345.946,10305,Very limited,96.2,96.2
37073,Gates County,NC,North Carolina,36.4421,-76.7024,340.612,10299,Very limited,98.1,98.1
40069,Johnston County,OK,Oklahoma,34.3135,-96.6543,643.05,10293,Very limited,73.3,73.3
01037,Coosa County,AL,Alabama,32.9314,-86.2435,650.909,10291,Very limited,64.6,64.6
46109,Roberts County,SD,South Dakota,45.6234,-96.9476,1101.055,10283,Very limited,81.9,81.9
05105,Perry County,AR,Arkansas,34.9464,-92.9269,551.336,10251,Very limited,90.6,90.6
38099,Walsh County,ND,North Dakota,48.377,-97.7222,1281.607,10214,Very limited,76.8,76.8
30085,Roosevelt County,MT,Montana,48.2827,-104.9952,2354.602,10197,,,
13235,Pulaski County,GA,Georgia,32.2388,-83.4818,249.261,10180,,,
49015,Emery County,UT,Utah,39.009,-110.7211,4462.635,10161,,,
29089,Howard County,MO,Missouri,39.1434,-92.6959,463.801,10150,Very limited,95.4,95.4
31089,Holt County,NE,Nebraska,42.4593,-98.7848,2411.851,10120,Very limited,97.7,97.7
48425,Somervell County,TX,Texas,32.2181,-97.7692,186.207,10098,,,
19137,Montgomery County,IA,Iowa,41.0217,-95.1578,424.097,10063,Very limited,98.7,98.7
20131,Nemaha County,KS,Kansas,39.791,-96.0054,717.427,10062,Very limited,99.5,99.5
51049,Cumberland County,VA,Virginia,37.5202,-78.2528,297.474,10062,Very limited,74.9,74.9
48403,Sabine County,TX,Texas,31.3433,-93.8519,491.71,10058,,,
08125,Yuma County,CO,Colorado,40.0008,-102.4216,2364.399,10048,Very limited,69.7,69.7
28155,Webster County,MS,Mississippi,33.6121,-89.284,421.158,10039,Very limited,99.3,99.3
05109,Pike County,AR,Arkansas,34.1582,-93.6587,600.337,10027,Very limited,88.6,88.6
19069,Franklin County,IA,Iowa,42.7365,-93.2714,581.972,10024,Very limited,81.1,81.1
30001,Beaverhead County,MT,Montana,45.1339,-112.8929,5542.687,10006,,,
18155,Switzerland County,IN,Indiana,38.8259,-85.0297,220.668,9988,Very limited,95.6,95.6
45065,McCormick County,SC,South Carolina,33.8976,-82.3162,358.89,9983,Very limited,50.3,50.3
20117,Marshall County,KS,Kansas,39.7827,-96.5212,900.178,9950,Very limited,96.8,96.8
05011,Bradley County,AR,Arkansas,33.4665,-92.1692,649.167,9935,Very limited,94.9,94.9
01011,Bullock County,AL,Alabama,32.1018,-85.7173,622.815,9901,Very limited,99,99
29063,DeKalb County,MO,Missouri,39.8947,-94.4072,421.358,9884,Very limited,99.3,99.3
31179,Wayne County,NE,Nebraska,42.2107,-97.1262,442.916,9870,Very limited,67.3,67.3
01131,Wilcox County,AL,Alabama,31.9901,-87.3049,887.858,9865,Very limited,91.7,91.7
18101,Martin County,IN,Indiana,38.7053,-86.8018,335.761,9864,Very limited,95.2,95.2
27063,Jackson County,MN,Minnesota,43.6711,-95.1497,702.972,9861,Very limited,92.1,92.1
19107,Keokuk County,IA,Iowa,41.3312,-92.1677,579.175,9855,Very limited,99,99
29111,Lewis County,MO,Missouri,40.0846,-91.7288,505.018,9852,Very limited,97.5,97.5
29185,St. Clair County,MO,Missouri,38.0422,-93.7766,674.981,9848,Very limited,93.9,93.9
38055,McLean County,ND,North Dakota,47.6532,-101.4219,2110.272,9845,Somewhat limited,59.1,28.8
20107,Linn County,KS,Kansas,38.2165,-94.8449,594.081,9841,Very limited,97.7,97.7
05127,Scott County,AR,Arkansas,34.8589,-94.0636,892.85,9837,Very limited,94.2,94.2
02180,Nome Census Area,AK,Alaska,64.7837,-164.1889,22969.821,9836,,,
26119,Montmorency County,MI,Michigan,45.0241,-84.1301,546.675,9828,Very limited,86.1,86.1
28103,Noxubee County,MS,Mississippi,33.1066,-88.5662,695.361,9825,Very limited,97.9,97.9
27149,Stevens County,MN,Minnesota,45.5935,-95.9923,563.662,9819,Very limited,91.3,91.3
30023,Deer Lodge County,MT,Montana,46.0947,-113.1416,736.683,9811,,,
49019,Grand County,UT,Utah,38.9743,-109.5734,3672.858,9788,,,
29079,Grundy County,MO,Missouri,40.1125,-93.5651,435.293,9766,Very limited,98.4,98.4
30057,Madison County,MT,Montana,45.3253,-111.9138,3588.156,9753,,,
48399,Runnels County,TX,Texas,31.8451,-99.9827,1051.07,9751,Very limited,68,68
21131,Leslie County,KY,Kentucky,37.0878,-83.3886,400.878,9729,,,
48357,Ochiltree County,TX,Texas,36.2787,-100.8159,917.685,9717,Very limited,78.1,78.1
19025,Calhoun County,IA,Iowa,42.3861,-94.6436,569.846,9711,Very limited,93.4,93.4
48315,Marion County,TX,Texas,32.7982,-94.3569,380.902,9704,,,
48369,Parmer County,TX,Texas,34.5322,-102.7849,880.822,9669,Very limited,65.8,65.8
27151,Swift County,MN,Minnesota,45.2758,-95.6901,742.016,9666,Very limited,87,87
19091,Humboldt County,IA,Iowa,42.7822,-94.2028,434.372,9617,Very limited,94.4,94.4
31033,Cheyenne County,NE,Nebraska,41.2142,-103.0119,1196.008,9602,Somewhat limited,57.5,38.9
48131,Duval County,TX,Texas,27.6811,-98.4974,1793.477,9585,Very limited,58.3,58.3
13317,Wilkes County,GA,Georgia,33.779,-82.7479,469.504,9567,,,
31081,Hamilton County,NE,Nebraska,40.8728,-98.0223,542.03,9564,Very limited,88.9,88.9
40105,Nowata County,OK,Oklahoma,36.7896,-95.6133,565.817,9561,Very limited,94.4,94.4
19161,Sac County,IA,Iowa,42.3875,-95.1052,575.022,9533,Very limited,91,91
27133,Rock County,MN,Minnesota,43.6696,-96.2632,482.459,9525,Very limited,92.7,92.7
19039,Clarke County,IA,Iowa,41.0297,-93.7853,431.111,9524,Very limited,98.2,98.2
40077,Latimer County,OK,Oklahoma,34.8751,-95.2723,722.113,9509,Very limited,94.1,94.1
48043,Brewster County,TX,Texas,29.809,-103.2525,6183.763,9508,,,
55041,Forest County,WI,Wisconsin,45.6669,-88.7733,1014.265,9506,Very limited,96.1,96.1
01085,Lowndes County,AL,Alabama,32.1479,-86.6506,716.085,9485,Very limited,93.5,93.5
48429,Stephens County,TX,Texas,32.7381,-98.8393,896.721,9475,Very limited,95.3,95.3
38061,Mountrail County,ND,North Dakota,48.2101,-102.3649,1825.163,9474,Somewhat limited,60.4,32.6
37103,Jones County,NC,North Carolina,35.0323,-77.3562,471.368,9462,Very limited,93,93
30095,Stillwater County,MT,Montana,45.6589,-109.3817,1796.533,9450,,,
29093,Iron County,MO,Missouri,37.626,-90.6996,550.267,9420,Very limited,96.8,96.8
28097,Montgomery County,MS,Mississippi,33.5007,-89.6396,406.981,9411,Very limited,97.9,97.9
04011,Greenlee County,AZ,Arizona,33.2389,-109.2423,1842.838,9410,,,
48237,Jack County,TX,Texas,33.2323,-98.1711,910.972,9398,Very limited,97.5,97.5
22021,Caldwell Parish,LA,Louisiana,32.1012,-92.1142,529.77,9393,Very limited,91.4,91.4
28015,Carroll County,MS,Mississippi,33.4408,-89.9189,628.388,9378,Very limited,85.1,85.1
27173,Yellow Medicine County,MN,Minnesota,44.7157,-95.8628,759.101,9373,Very limited,94.6,94.6
19089,Howard County,IA,Iowa,43.3653,-92.3219,473.247,9360,Very limited,98.6,98.6
46023,Charles Mix County,SD,South Dakota,43.2062,-98.5951,1097.141,9343,Very limited,84.8,84.8
46033,Custer County,SD,South Dakota,43.6849,-103.4622,1556.943,9330,,,
20159,Rice County,KS,Kansas,38.3472,-98.2014,726.235,9284,Very limited,94.1,94.1
13253,Seminole County,GA,Georgia,30.934,-84.8677,237.551,9274,,,
05017,Chicot County,AR,Arkansas,33.2671,-91.2972,636.978,9272,Very limited,82,82
22123,West Carroll Parish,LA,Louisiana,32.7925,-91.452,359.686,9254,Very limited,97.8,97.8
51159,Richmond County,VA,Virginia,37.9429,-76.7306,191.478,9215,Very limited,94.8,94.8
48507,Zavala County,TX,Texas,28.8647,-99.7598,1297.407,9209,,,
19051,Davis County,IA,Iowa,40.7481,-92.4103,502.188,9193,Very limited,95.8,95.8
21053,Clinton County,KY,Kentucky,36.7273,-85.1361,197.063,9183,Very limited,65.6,65.6
13167,Johnson County,GA,Georgia,32.6946,-82.664,303.019,9178,,,
46121,Todd County,SD,South Dakota,43.2088,-100.7077,1388.593,9172,Very limited,91.7,91.7
19063,Emmet County,IA,Iowa,43.378,-94.6694,395.89,9162,Very limited,87.1,87.1
28143,Tunica County,MS,Mississippi,34.6522,-90.3718,454.13,9157,Very limited,90.3,90.3
13155,Irwin County,GA,Georgia,31.6043,-83.277,354.363,9155,,,
48009,Archer County,TX,Texas,33.6163,-98.6873,903.289,9155,Very limited,97.8,97.8
16035,Clearwater County,ID,Idaho,46.6726,-115.6535,2457.314,9151,,,
20013,Brown County,KS,Kansas,39.8259,-95.5699,570.871,9142,Very limited,98.7,98.7
20151,Pratt County,KS,Kansas,37.6476,-98.7401,735.039,9137,Very limited,99.6,99.6
21149,McLean County,KY,Kentucky,37.5267,-87.2656,252.525,9126,,,
27117,Pipestone County,MN,Minnesota,44.0154,-96.257,465.053,9100,Very limited,99.5,99.5
22065,Madison Parish,LA,Louisiana,32.3469,-91.2319,623.885,9093,Very limited,93.2,93.2
17079,Jasper County,IL,Illinois,39.0049,-88.1507,494.614,9092,Very limited,98.6,98.6
29153,Ozark County,MO,Missouri,36.6496,-92.4585,745.006,9090,Very limited,80.7,80.7
46125,Turner County,SD,South Dakota,43.3087,-97.1502,617.064,9087,Very limited,98.1,98.1
21143,Lyon County,KY,Kentucky,37.024,-88.0834,213.785,9078,,,
08019,Clear Creek County,CO,Colorado,39.6894,-105.6708,395.073,9076,,,
31137,Phelps County,NE,Nebraska,40.5164,-99.4066,539.765,9042,Very limited,75.9,75.9
13287,Turner County,GA,Georgia,31.7248,-83.6203,285.441,9023,,,
21091,Hancock County,KY,Kentucky,37.8433,-86.7928,187.675,9013,,,
29025,Caldwell County,MO,Missouri,39.659,-93.9792,426.393,9000,Very limited,99.2,99.2
47135,Perry County,TN,Tennessee,35.6638,-87.8693,414.765,8987,Very limited,93.5,93.5
21055,Crittenden County,KY,Kentucky,37.3581,-88.105,359.566,8982,Very limited,90.8,90.8
48335,Mitchell County,TX,Texas,32.3041,-100.9244,911.093,8968,Very limited,70.6,70.6
56035,Sublette County,WY,Wyoming,42.7679,-109.9162,4886.482,8965,,,
31039,Cuming County,NE,Nebraska,41.9159,-96.7885,570.49,8952,Very limited,79.9,79.9
13315,Wilcox County,GA,Georgia,31.9627,-83.4383,377.811,8904,,,
29137,Monroe County,MO,Missouri,39.4983,-92.0065,647.64,8890,Very limited,96.3,96.3
18007,Benton County,IN,Indiana,40.6009,-87.3148,406.415,8853,Very limited,99.9,99.9
13165,Jenkins County,GA,Georgia,32.7946,-81.9715,347.378,8836,Very limited,79.2,79.2
21139,Livingston County,KY,Kentucky,37.2095,-88.3634,312.961,8815,Very limited,84.2,84.2
19147,Palo Alto County,IA,Iowa,43.0753,-94.6691,563.864,8809,Very limited,88.3,88.3
21077,Gallatin County,KY,Kentucky,38.7557,-84.8651,98.282,8805,,,
56019,Johnson County,WY,Wyoming,44.044,-106.5885,4154.152,8803,,,
27089,Marshall County,MN,Minnesota,48.3627,-96.3578,1775.06,8771,Very limited,97.8,97.8
29085,Hickory County,MO,Missouri,37.9369,-93.323,398.808,8766,Very limited,92.8,92.8
19117,Lucas County,IA,Iowa,41.0333,-93.3315,430.681,8758,Very limited,96.3,96.3
30021,Dawson County,MT,Montana,47.2661,-104.8983,2371.926,8731,Very limited,79.3,79.3
20029,Cloud County,KS,Kansas,39.4873,-97.6414,715.342,8723,Very limited,85.5,85.5
29149,Oregon County,MO,Missouri,36.6853,-91.4018,789.844,8699,Very limited,69,69
13273,Terrell County,GA,Georgia,31.7772,-84.4394,335.791,8698,,,
26003,Alger County,MI,Michigan,46.5217,-86.6571,915.04,8695,Very limited,92.2,92.2
13141,Hancock County,GA,Georgia,33.2692,-83.0005,471.067,8683,,,
13319,Wilkinson County,GA,Georgia,32.8043,-83.1755,449.223,8667,,,
19073,Greene County,IA,Iowa,42.0425,-94.3887,569.558,8662,Very limited,78.2,78.2
48193,Hamilton County,TX,Texas,31.7073,-98.1118,835.915,8644,Very limited,91.3,91.3
12067,Lafayette County,FL,Florida,29.9901,-83.1785,543.345,8640,Very limited,99.4,99.4
27029,Clearwater County,MN,Minnesota,47.5759,-95.3711,999.003,8630,Very limited,83.1,83.1
51115,Mathews County,VA,Virginia,37.4253,-76.2688,85.912,8602,Very limited,49.6,49.6
26135,Oscoda County,MI,Michigan,44.6873,-84.1269,565.674,8596,Very limited,96,96
21223,Trimble County,KY,Kentucky,38.62,-85.3512,147.771,8591,,,
40151,Woods County,OK,Oklahoma,36.727,-98.8636,1286.482,8582,Very limited,87.5,87.5
16015,Boise County,ID,Idaho,43.9873,-115.7151,1899.368,8581,,,
40011,Blaine County,OK,Oklahoma,35.8778,-98.429,928.463,8573,Very limited,81.4,81.4
13209,Montgomery County,GA,Georgia,32.1721,-82.5333,241.145,8566,,,
28069,Kemper County,MS,Mississippi,32.7501,-88.6256,766.182,8562,Very limited,94,94
13053,Chattahoochee County,GA,Georgia,32.3474,-84.788,248.737,8548,,,
29061,Daviess County,MO,Missouri,39.9628,-93.9701,563.282,8541,Very limited,99.2,99.2
47083,Houston County,TN,Tennessee,36.2858,-87.7056,200.294,8538,Very limited,69.5,69.5
32033,White Pine County,NV,Nevada,39.4182,-114.9006,8886.665,8534,,,
49025,Kane County,UT,Utah,37.2751,-111.8153,3994.14,8525,,,
56031,Platte County,WY,Wyoming,42.1316,-104.954,2081.459,8512,Very limited,50.4,50.4
05097,Montgomery County,AR,Arkansas,34.5457,-93.6642,780.453,8510,Very limited,92.1,92.1
29125,Maries County,MO,Missouri,38.1626,-91.9236,526.981,8506,Very limited,98.8,98.8
21023,Bracken County,KY,Kentucky,38.6804,-84.1152,202.665,8497,,,
06049,Modoc County,CA,California,41.5929,-120.7184,3948.233,8491,,,
18171,Warren County,IN,Indiana,40.3525,-87.3752,364.685,8451,Very limited,98.3,98.3
31023,Butler County,NE,Nebraska,41.2261,-97.132,584.789,8439,Very limited,81.9,81.9
13003,Atkinson County,GA,Georgia,31.2968,-82.8782,342.721,8435,,,
19133,Monona County,IA,Iowa,42.0494,-95.9566,694.072,8429,Very limited,69.4,69.4
29033,Carroll County,MO,Missouri,39.4274,-93.5002,694.622,8414,Very limited,95.9,95.9
35037,Quay County,NM,New Mexico,35.107,-103.5481,2873.955,8403,,,
20205,Wilson County,KS,Kansas,37.5585,-95.7452,570.423,8398,Very limited,98.8,98.8
16059,Lemhi County,ID,Idaho,44.9285,-113.887,4563.704,8397,,,
16077,Power County,ID,Idaho,42.6941,-112.8444,1403.826,8381,,,
51620,Franklin city,VA,Virginia,36.684,-76.9414,8.277,8373,,,
02220,Sitka City and Borough,AK,Alaska,57.1932,-135.3674,2870.201,8355,,,
38057,Mercer County,ND,North Dakota,47.3033,-101.822,1042.782,8348,Very limited,75,75
31107,Knox County,NE,Nebraska,42.6344,-97.8913,1108.235,8306,Very limited,76.8,76.8
30007,Broadwater County,MT,Montana,46.3298,-111.4979,1192.359,8302,,,
20031,Coffey County,KS,Kansas,38.2364,-95.7291,626.885,8301,Very limited,95.2,95.2
22025,Catahoula Parish,LA,Louisiana,31.6665,-91.8467,709.252,8280,Very limited,89,89
31027,Cedar County,NE,Nebraska,42.6046,-97.2569,740.189,8262,Very limited,69.3,69.3
40075,Kiowa County,OK,Oklahoma,34.9215,-98.9816,1015.078,8257,Very limited,91.5,91.5
30087,Rosebud County,MT,Montana,46.1732,-106.6668,5008.135,8194,,,
41037,Lake County,OR,Oregon,42.7884,-120.3898,8138.61,8194,,,
29081,Harrison County,MO,Missouri,40.3456,-93.9926,722.517,8186,Very limited,99.5,99.5
48127,Dimmit County,TX,Texas,28.4236,-99.7659,1328.885,8181,,,
37075,Graham County,NC,North Carolina,35.3484,-83.8309,291.972,8179,Very limited,91.9,91.9
26153,Schoolcraft County,MI,Michigan,46.0211,-86.197,1171.876,8178,Very limited,94.5,94.5
54085,Ritchie County,WV,West Virginia,39.1771,-81.0663,451.99,8170,Very limited,98.5,98.5
26013,Baraga County,MI,Michigan,46.6959,-88.3618,898.427,8169,Very limited,99.8,99.8
31101,Keith County,NE,Nebraska,41.1942,-101.6444,1062.063,8148,Very limited,68.1,68.1
28021,Claiborne County,MS,Mississippi,31.9728,-90.9154,487.415,8122,Very limited,77,77
05077,Lee County,AR,Arkansas,34.7795,-90.7797,599.807,8104,Very limited,92,92
28019,Choctaw County,MS,Mississippi,33.346,-89.2513,418.197,8091,Very limited,98.3,98.3
13181,Lincoln County,GA,Georgia,33.7922,-82.4483,210.381,8049,,,
27101,Murray County,MN,Minnesota,44.0156,-95.7616,704.667,8044,Very limited,93.9,93.9
05099,Nevada County,AR,Arkansas,33.6667,-93.3051,617.79,8004,Very limited,92,92
31045,Dawes County,NE,Nebraska,42.713,-103.1354,1396.437,8003,Very limited,73.7,73.7
48083,Coleman County,TX,Texas,31.9142,-99.3466,1262.974,7990,Very limited,96.1,96.1
38097,Traill County,ND,North Dakota,47.4463,-97.1646,861.871,7989,Very limited,94.7,94.7
20027,Clay County,KS,Kansas,39.345,-97.1689,645.298,7969,Very limited,87.3,87.3
12077,Liberty County,FL,Florida,30.2598,-84.8686,835.563,7955,Very limited,98.4,98.4
54101,Webster County,WV,West Virginia,38.4835,-80.4491,553.47,7947,Very limited,98.8,98.8
02158,Kusilvak Census Area,AK,Alaska,62.2836,-163.1902,17151.47,7946,,,
05117,Prairie County,AR,Arkansas,34.8311,-91.5536,647.516,7935,,,
20003,Anderson County,KS,Kansas,38.2151,-95.292,579.641,7908,Very limited,98.1,98.1
47027,Clay County,TN,Tennessee,36.5457,-85.5457,236.529,7857,Very limited,84.8,84.8
54095,Tyler County,WV,West Virginia,39.4656,-80.8772,256.302,7843,,,
31121,Merrick County,NE,Nebraska,41.1698,-98.0311,487.794,7837,Very limited,87.1,87.1
05129,Searcy County,AR,Arkansas,35.8964,-92.6959,665.879,7836,Very limited,85.7,85.7
28157,Wilkinson County,MS,Mississippi,31.1611,-91.3246,678.012,7820,Very limited,88.2,88.2
08113,San Miguel County,CO,Colorado,38.0093,-108.4273,1286.725,7819,,,
17065,Hamilton County,IL,Illinois,38.0852,-88.539,434.653,7818,Very limited,98.6,98.6
21181,Nicholas County,KY,Kentucky,38.338,-84.0262,195.306,7816,,,
20193,Thomas County,KS,Kansas,39.3577,-101.0834,1074.687,7802,Somewhat limited,87.1,12.9
51678,Lexington city,VA,Virginia,37.7823,-79.4443,2.499,7802,,,
13269,Taylor County,GA,Georgia,32.5547,-84.2514,376.686,7783,,,
56011,Crook County,WY,Wyoming,44.5893,-104.5673,2854.48,7775,Very limited,77.8,77.8
48405,San Augustine County,TX,Texas,31.3824,-94.1632,530.659,7767,,,
13289,Twiggs County,GA,Georgia,32.6658,-83.4259,359.26,7728,Very limited,67.1,67.1
01105,Perry County,AL,Alabama,32.639,-87.2938,719.67,7719,Very limited,96.7,96.7
54015,Clay County,WV,West Virginia,38.4598,-81.0819,341.954,7689,Very limited,98.9,98.9
31147,Richardson County,NE,Nebraska,40.1237,-95.7186,551.841,7666,Very limited,85,85
56043,Washakie County,WY,Wyoming,43.8788,-107.6691,2238.679,7662,Very limited,57.8,57.8
19053,Decatur County,IA,Iowa,40.7364,-93.7846,531.883,7656,Very limited,94.4,94.4
54075,Pocahontas County,WV,West Virginia,38.3326,-80.0101,940.239,7653,Very limited,94.3,94.3
13197,Marion County,GA,Georgia,32.3593,-84.5287,365.721,7635,,,
21007,Ballard County,KY,Kentucky,37.0513,-89.0104,247.095,7626,,,
29057,Dade County,MO,Missouri,37.4323,-93.8549,490.01,7622,Very limited,93.6,93.6
46051,Grant County,SD,South Dakota,45.1726,-96.7723,681.446,7618,Very limited,92.7,92.7
54017,Doddridge County,WV,West Virginia,39.2643,-80.7115,319.723,7615,Very limited,98.6,98.6
48501,Yoakum County,TX,Texas,33.1623,-102.8322,799.715,7581,Somewhat limited,70.1,24.9
20043,Doniphan County,KS,Kansas,39.7885,-95.1472,393.475,7575,Very limited,69,69
40093,Major County,OK,Oklahoma,36.3131,-98.542,955,7569,Very limited,89.8,89.8
28009,Benton County,MS,Mississippi,34.8096,-89.2002,406.616,7566,Very limited,99,99
55091,Pepin County,WI,Wisconsin,44.6274,-91.8349,232.008,7555,Very limited,81.7,81.7
45005,Allendale County,SC,South Carolina,32.9798,-81.3633,408.095,7551,Very limited,80.4,80.4
08021,Conejos County,CO,Colorado,37.2134,-106.1764,1287.426,7549,,,
53019,Ferry County,WA,Washington,48.4733,-118.5336,2203.23,7543,,,
50013,Grand Isle County,VT,Vermont,44.8018,-73.3008,81.771,7528,Not rated,61.7,38.2
48111,Dallam County,TX,Texas,36.2864,-102.594,1503.353,7526,Somewhat limited,79.9,20
41063,Wallowa County,OR,Oregon,45.5938,-117.1856,3145.897,7522,,,
28037,Franklin County,MS,Mississippi,31.4778,-90.8955,563.964,7516,Very limited,97.6,97.6
51157,Rappahannock County,VA,Virginia,38.6845,-78.1688,266.372,7479,Very limited,65.4,65.4
48307,McCulloch County,TX,Texas,31.2055,-99.3599,1065.601,7448,Very limited,96.6,96.6
30105,Valley County,MT,Montana,48.3499,-106.6704,4926.115,7434,Very limited,85.9,85.9
19001,Adair County,IA,Iowa,41.3285,-94.4782,569.271,7431,Very limited,98.9,98.9
49001,Beaver County,UT,Utah,38.3575,-113.2389,2582.912,7424,,,
46067,Hutchinson County,SD,South Dakota,43.3367,-97.7494,813.013,7416,,,
41025,Harney County,OR,Oregon,43.0644,-118.9872,10134.46,7402,,,
29041,Chariton County,MO,Missouri,39.518,-92.9616,751.178,7397,Very limited,97.6,97.6
48495,Winkler County,TX,Texas,31.8329,-103.0549,841.269,7381,,,
48069,Castro County,TX,Texas,34.5336,-102.2588,894.444,7380,Very limited,81,81
19135,Monroe County,IA,Iowa,41.0288,-92.8696,433.708,7373,Very limited,97.6,97.6
08065,Lake County,CO,Colorado,39.2054,-106.3501,376.919,7369,,,
05025,Cleveland County,AR,Arkansas,33.8932,-92.1887,597.91,7367,Very limited,92.4,92.4
46047,Fall River County,SD,South Dakota,43.2216,-103.5126,1739.889,7359,Very limited,85.5,85.5
54073,Pleasants County,WV,West Virginia,39.3681,-81.1612,130.119,7358,,,
31139,Pierce County,NE,Nebraska,42.2714,-97.611,573.249,7334,Very limited,73.1,73.1
02240,Southeast Fairbanks Census Area,AK,Alaska,63.865,-143.2186,24839.23,7313,,,
21129,Lee County,KY,Kentucky,37.6081,-83.7192,208.821,7313,,,
19195,Worth County,IA,Iowa,43.3735,-93.2485,400.123,7307,Very limited,94.3,94.3
29203,Shannon County,MO,Missouri,37.1525,-91.3913,1003.82,7275,Very limited,84.8,84.8
21063,Elliott County,KY,Kentucky,38.1169,-83.0961,234.321,7263,Very limited,98.1,98.1
16029,Caribou County,ID,Idaho,42.7861,-111.5443,1764.194,7239,,,
22081,Red River Parish,LA,Louisiana,32.1012,-93.3491,388.98,7238,Very limited,72.9,72.9
48175,Goliad County,TX,Texas,28.6607,-97.4304,852.011,7221,Very limited,78.3,78.3
19177,Van Buren County,IA,Iowa,40.7541,-91.9529,484.792,7217,Very limited,96.5,96.5
31095,Jefferson County,NE,Nebraska,40.1757,-97.1431,570.182,7136,Very limited,88.8,88.8
02188,Northwest Arctic Borough,AK,Alaska,67.0051,-160.0211,35671.697,7134,,,
01063,Greene County,AL,Alabama,32.8445,-87.9642,647.023,7127,Very limited,83.8,83.8
28053,Humphreys County,MS,Mississippi,33.131,-90.5234,418.635,7121,Very limited,95.2,95.2
30077,Powell County,MT,Montana,46.8442,-112.9311,2326.043,7120,,,
54021,Gilmer County,WV,West Virginia,38.9159,-80.8494,338.503,7116,Very limited,98.6,98.6
20197,Wabaunsee County,KS,Kansas,38.9552,-96.2013,794.336,7112,Very limited,98.5,98.5
20067,Grant County,KS,Kansas,37.5475,-101.2994,574.808,7097,Very limited,58.2,58.2
41023,Grant County,OR,Oregon,44.4963,-119.0141,4527.792,7093,,,
08063,Kit Carson County,CO,Colorado,39.3053,-102.603,2160.822,7080,Somewhat limited,72.1,23.2
13309,Wheeler County,GA,Georgia,32.1053,-82.7338,295.493,7076,,,
46009,Bon Homme County,SD,South Dakota,42.9857,-97.8842,563.549,7071,Very limited,87.7,87.7
31127,Nemaha County,NE,Nebraska,40.3872,-95.8525,407.301,7046,Very limited,83.8,83.8
47067,Hancock County,TN,Tennessee,36.5214,-83.2275,222.324,7038,,,
48017,Bailey County,TX,Texas,34.0675,-102.8303,826.972,7031,Somewhat limited,69.3,28.6
05101,Newton County,AR,Arkansas,35.9107,-93.2159,821.076,7026,Very limited,86.4,86.4
19151,Pocahontas County,IA,Iowa,42.734,-94.6783,577.241,7006,Very limited,95.5,95.5
08055,Huerfano County,CO,Colorado,37.6878,-104.9599,1591.033,6988,,,
20095,Kingman County,KS,Kansas,37.553,-98.1445,863.419,6946,Very limited,98.7,98.7
30005,Blaine County,MT,Montana,48.4283,-108.9676,4227.517,6903,,,
28063,Jefferson County,MS,Mississippi,31.7336,-91.0439,519.933,6900,Very limited,83,83
22035,East Carroll Parish,LA,Louisiana,32.7302,-91.2341,421.231,6892,Very limited,90.5,90.5
18161,Union County,IN,Indiana,39.6231,-84.9251,161.191,6884,Very limited,80.2,80.2
48437,Swisher County,TX,Texas,34.5263,-101.7439,890.16,6877,Very limited,88.9,88.9
13065,Clinch County,GA,Georgia,30.9177,-82.7026,815,6871,,,
56045,Weston County,WY,Wyoming,43.8462,-104.57,2398.005,6866,Very limited,74.5,74.5
19093,Ida County,IA,Iowa,42.3919,-95.5074,431.513,6810,Very limited,81.7,81.7
16007,Bear Lake County,ID,Idaho,42.2859,-111.3275,975.731,6779,,,
47127,Moore County,TN,Tennessee,35.2889,-86.3587,129.223,6773,Very limited,92.8,92.8
17169,Schuyler County,IL,Illinois,40.1569,-90.6135,437.3,6750,Very limited,69.2,69.2
31099,Kearney County,NE,Nebraska,40.5091,-98.9476,516.193,6749,Very limited,75.4,75.4
51097,King and Queen County,VA,Virginia,37.7178,-76.9056,315.145,6747,Very limited,95.4,95.4
48047,Brooks County,TX,Texas,27.035,-98.2153,943.355,6740,Somewhat limited,49.1,48
48391,Refugio County,TX,Texas,28.3221,-97.1625,770.484,6739,Very limited,92.1,92.1
51640,Galax city,VA,Virginia,36.6656,-80.9143,8.236,6739,,,
40141,Tillman County,OK,Oklahoma,34.3711,-98.9317,871.134,6736,Very limited,79.6,79.6
31021,Burt County,NE,Nebraska,41.8542,-96.3377,491.587,6727,Very limited,82.6,82.6
47175,Van Buren County,TN,Tennessee,35.6992,-85.4584,273.415,6686,,,
48075,Childress County,TX,Texas,34.5247,-100.2082,696.511,6679,Very limited,64.7,64.7
48283,La Salle County,TX,Texas,28.3511,-99.0968,1486.704,6679,Very limited,72.5,72.5
08109,Saguache County,CO,Colorado,38.0317,-106.2347,3168.566,6670,,,
31173,Thurston County,NE,Nebraska,42.1541,-96.5339,393.592,6637,Very limited,66.3,66.3
27073,Lac qui Parle County,MN,Minnesota,44.9998,-96.1769,765.021,6636,Very limited,84.5,84.5
29045,Clark County,MO,Missouri,40.4073,-91.7295,504.606,6623,Very limited,98.3,98.3
19185,Wayne County,IA,Iowa,40.74,-93.3326,525.469,6622,Very limited,96.2,96.2
20167,Russell County,KS,Kansas,38.916,-98.7709,886.26,6620,Very limited,77.9,77.9
08103,Rio Blanco County,CO,Colorado,39.9726,-108.2007,3220.971,6607,,,
02063,Chugach Census Area,AK,Alaska,60.4885,-146.2031,9574.349,6604,,,
42053,Forest County,PA,Pennsylvania,41.5133,-79.2497,427.259,6601,,,
46057,Hamlin County,SD,South Dakota,44.6806,-97.1786,507.071,6596,Very limited,94.2,94.2
38067,Pembina County,ND,North Dakota,48.7669,-97.5454,1118.535,6588,Very limited,96.6,96.6
51530,Buena Vista city,VA,Virginia,37.7293,-79.3581,6.438,6581,,,
51181,Surry County,VA,Virginia,37.1198,-76.8802,278.949,6579,Very limited,86.3,86.3
54093,Tucker County,WV,West Virginia,39.1112,-79.56,419.042,6573,,,
31093,Howard County,NE,Nebraska,41.2169,-98.5133,569.27,6572,Very limited,80,80
51036,Charles City County,VA,Virginia,37.3611,-77.0542,182.901,6564,Very limited,79.5,79.5
32027,Pershing County,NV,Nevada,40.4396,-118.4095,6036.589,6536,,,
46101,Moody County,SD,South Dakota,44.0124,-96.6761,519.379,6529,Very limited,90.2,90.2
19071,Fremont County,IA,Iowa,40.7426,-95.5992,511.168,6494,Very limited,77.4,77.4
30099,Teton County,MT,Montana,47.819,-112.2817,2271.616,6444,,,
47095,Lake County,TN,Tennessee,36.3339,-89.4855,165.785,6422,Very limited,83.4,83.4
13283,Treutlen County,GA,Georgia,32.4096,-82.5709,199.431,6420,Very limited,66.5,66.5
05095,Monroe County,AR,Arkansas,34.6795,-91.2033,607.461,6415,Very limited,96.4,96.4
38009,Bottineau County,ND,North Dakota,48.7944,-100.8313,1668.859,6391,Very limited,85.1,85.1
21237,Wolfe County,KY,Kentucky,37.7439,-83.4951,222.159,6364,,,
31003,Antelope County,NE,Nebraska,42.1832,-98.058,857.157,6358,Very limited,78.9,78.9
21165,Menifee County,KY,Kentucky,37.9355,-83.5894,203.538,6341,,,
26095,Luce County,MI,Michigan,46.511,-85.5176,899.075,6328,Very limited,95.7,95.7
20053,Ellsworth County,KS,Kansas,38.7008,-98.2054,715.575,6316,Very limited,77.5,77.5
17009,Brown County,IL,Illinois,39.9621,-90.7503,305.727,6307,Very limited,68.5,68.5
29075,Gentry County,MO,Missouri,40.2081,-94.4053,491.422,6298,Very limited,98.5,98.5
27107,Norman County,MN,Minnesota,47.3295,-96.4638,872.789,6284,Very limited,96.8,96.8
21075,Fulton County,KY,Kentucky,36.5525,-89.1877,205.932,6282,Very limited,79.3,79.3
27167,Wilkin County,MN,Minnesota,46.3623,-96.4767,751.038,6268,Very limited,96.9,96.9
55051,Iron County,WI,Wisconsin,46.3265,-90.2613,758.214,6235,Very limited,92.5,92.5
51021,Bland County,VA,Virginia,37.1306,-81.1259,357.645,6186,Very limited,90.4,90.4
27051,Grant County,MN,Minnesota,45.9307,-96.0107,547.8,6109,Very limited,87,87
46115,Spink County,SD,South Dakota,44.9238,-98.3396,1503.499,6108,Very limited,67.9,67.9
31035,Clay County,NE,Nebraska,40.5237,-98.0509,572.289,6103,Very limited,96,96
13243,Randolph County,GA,Georgia,31.7627,-84.7523,428.236,6085,Somewhat limited,49.5,49.1
30073,Pondera County,MT,Montana,48.2286,-112.2208,1624.567,6078,,,
05039,Dallas County,AR,Arkansas,33.9678,-92.654,667.323,6076,,,
17071,Henderson County,IL,Illinois,40.8145,-90.9412,378.793,6048,Very limited,60.1,60.1
21057,Cumberland County,KY,Kentucky,36.7824,-85.3885,305.147,6047,Very limited,85,85
50009,Essex County,VT,Vermont,44.724,-71.7327,662.371,6037,Very limited,98.4,98.4
19143,Osceola County,IA,Iowa,43.3785,-95.6338,398.687,6036,Very limited,94.9,94.9
05073,Lafayette County,AR,Arkansas,33.2406,-93.6115,529.472,6015,,,
20145,Pawnee County,KS,Kansas,38.1815,-99.2348,754.263,6012,Very limited,78.9,78.9
18115,Ohio County,IN,Indiana,38.9405,-84.9643,86.15,5996,Very limited,95.9,95.9
17047,Edwards County,IL,Illinois,38.4171,-88.0479,222.4,5984,Very limited,95.6,95.6
08047,Gilpin County,CO,Colorado,39.8612,-105.5289,150.023,5963,,,
48305,Lynn County,TX,Texas,33.1784,-101.8185,891.867,5952,Somewhat limited,88.2,11.6
54071,Pendleton County,WV,West Virginia,38.6745,-79.3406,696.05,5944,Very limited,95.6,95.6
29179,Reynolds County,MO,Missouri,37.3665,-90.9723,808.477,5927,Very limited,83.2,83.2
42113,Sullivan County,PA,Pennsylvania,41.4393,-76.5117,449.939,5927,,,
29205,Shelby County,MO,Missouri,39.7975,-92.0887,500.863,5926,Very limited,99.5,99.5
30015,Chouteau County,MT,Montana,47.8868,-110.4362,3972.52,5880,,,
54013,Calhoun County,WV,West Virginia,38.8442,-81.1155,279.263,5873,,,
20073,Greenwood County,KS,Kansas,37.8793,-96.2417,1143.304,5871,Very limited,98.7,98.7
20143,Ottawa County,KS,Kansas,39.138,-97.6548,720.73,5853,Very limited,78.4,78.4
19173,Taylor County,IA,Iowa,40.7379,-94.6971,531.902,5825,Very limited,99,99
13201,Miller County,GA,Georgia,31.1629,-84.7304,282.423,5824,,,
26131,Ontonagon County,MI,Michigan,46.8352,-89.2769,1310.978,5824,Very limited,95.9,95.9
48065,Carson County,TX,Texas,35.4055,-101.3554,920.235,5822,Very limited,62.8,62.8
05147,Woodruff County,AR,Arkansas,35.1928,-91.2445,585.973,5808,Very limited,97.2,97.2
20123,Mitchell County,KS,Kansas,39.393,-98.2074,701.792,5803,Very limited,74.6,74.6
20181,Sherman County,KS,Kansas,39.3514,-101.7199,1056.064,5796,Somewhat limited,89.5,10.4
32015,Lander County,NV,Nevada,39.9002,-117.0472,5519.247,5785,,,
08011,Bent County,CO,Colorado,37.9319,-103.0776,1512.847,5779,Very limited,61.8,61.8
46087,McCook County,SD,South Dakota,43.6804,-97.358,574.205,5771,Very limited,88.5,88.5
31167,Stanton County,NE,Nebraska,41.905,-97.1771,427.633,5756,Very limited,60.8,60.8
38005,Benson County,ND,North Dakota,48.0717,-99.3512,1388.555,5756,Very limited,72.4,72.4
13263,Talbot County,GA,Georgia,32.7046,-84.53,391.377,5755,,,
29211,Sullivan County,MO,Missouri,40.2096,-93.1098,647.982,5750,Very limited,98.8,98.8
02198,Prince of Wales-Hyder Census Area,AK,Alaska,55.6828,-133.1624,5268.076,5746,,,
20069,Gray County,KS,Kansas,37.7445,-100.4517,868.867,5730,Very limited,80,80
46123,Tripp County,SD,South Dakota,43.3497,-99.8762,1612.289,5717,Very limited,95,95
40003,Alfalfa County,OK,Oklahoma,36.7297,-98.3234,866.565,5712,Very limited,54.2,54.2
48377,Presidio County,TX,Texas,30.0059,-104.2616,3855.252,5686,Very limited,84.5,84.5
51580,Covington city,VA,Virginia,37.7811,-79.9854,5.469,5663,,,
48119,Delta County,TX,Texas,33.3859,-95.6733,256.832,5647,,,
17155,Putnam County,IL,Illinois,41.199,-89.2983,160.097,5633,Very limited,72,72
08025,Crowley County,CO,Colorado,38.3062,-103.7727,787.428,5600,Very limited,50.2,50.2
08073,Lincoln County,CO,Colorado,38.9937,-103.5076,2577.73,5598,Very limited,50.9,50.9
38073,Ransom County,ND,North Dakota,46.4493,-97.6476,862.472,5590,Very limited,68.4,68.4
20201,Washington County,KS,Kansas,39.7767,-97.0956,894.759,5572,Very limited,93.5,93.5
27031,Cook County,MN,Minnesota,47.7586,-90.3443,1452.604,5571,Very limited,78.9,78.9
27081,Lincoln County,MN,Minnesota,44.4082,-96.272,536.786,5564,Very limited,96.7,96.7
19009,Audubon County,IA,Iowa,41.6792,-94.9043,442.96,5562,Very limited,99,99
31031,Cherry County,NE,Nebraska,42.5713,-101.0477,5960.099,5558,Very limited,98.7,98.7
16063,Lincoln County,ID,Idaho,42.9908,-114.1531,1201.364,5556,,,
08027,Custer County,CO,Colorado,38.102,-105.3735,738.626,5553,,,
28119,Quitman County,MS,Mississippi,34.2528,-90.2902,405.012,5542,Very limited,97.6,97.6
31051,Dixon County,NE,Nebraska,42.4851,-96.8558,475.621,5526,Very limited,68.5,68.5
31059,Fillmore County,NE,Nebraska,40.525,-97.5967,575.37,5512,Very limited,96.6,96.6
48411,San Saba County,TX,Texas,31.1551,-98.8193,1135.313,5508,Very limited,98.2,98.2
40033,Cotton County,OK,Oklahoma,34.2907,-98.3734,632.637,5503,Very limited,71.8,71.8
30065,Musselshell County,MT,Montana,46.5053,-108.4398,1868.958,5452,Very limited,74.7,74.7
13037,Calhoun County,GA,Georgia,31.5213,-84.6263,280.384,5441,,,
48207,Haskell County,TX,Texas,33.176,-99.7308,903.133,5435,Very limited,90.3,90.3
40055,Greer County,OK,Oklahoma,34.9339,-99.553,639.285,5433,Very limited,92.2,92.2
02016,Aleutians West Census Area,AK,Alaska,51.949,179.6212,4387.37,5424,,,
40029,Coal County,OK,Oklahoma,34.5829,-96.288,516.772,5414,Very limited,99.2,99.2
20077,Harper County,KS,Kansas,37.1882,-98.0666,801.274,5413,Very limited,74.6,74.6
46037,Day County,SD,South Dakota,45.3552,-97.5814,1028.49,5408,Very limited,94.2,94.2
51595,Emporia city,VA,Virginia,36.6962,-77.536,6.629,5402,,,
40067,Jefferson County,OK,Oklahoma,34.1051,-97.8389,758.956,5374,Very limited,60.5,60.5
29035,Carter County,MO,Missouri,36.9449,-90.9457,507.359,5359,Very limited,73.5,73.5
31011,Boone County,NE,Nebraska,41.7039,-98.0705,686.53,5354,Very limited,79.5,79.5
20137,Norton County,KS,Kansas,39.7839,-99.8992,878.044,5335,Very limited,54.6,54.6
46041,Dewey County,SD,South Dakota,45.148,-100.838,2302.376,5322,Very limited,88.9,88.9
27087,Mahnomen County,MN,Minnesota,47.3284,-95.8111,557.867,5296,Very limited,83.7,83.7
49017,Garfield County,UT,Utah,37.8317,-111.4509,5179.556,5290,,,
20127,Morris County,KS,Kansas,38.6882,-96.6514,695.343,5279,Very limited,98.7,98.7
17175,Stark County,IL,Illinois,41.0969,-89.7974,288.106,5272,Very limited,61.2,61.2
46129,Walworth County,SD,South Dakota,45.4276,-100.0279,707.455,5270,Somewhat limited,56.3,37
31143,Polk County,NE,Nebraska,41.1879,-97.5707,438.832,5269,Very limited,84,84
46015,Brule County,SD,South Dakota,43.7299,-99.0929,817.222,5261,,,
46077,Kingsbury County,SD,South Dakota,44.363,-97.4993,832.237,5261,Very limited,90.1,90.1
31097,Johnson County,NE,Nebraska,40.395,-96.2653,376.086,5219,Very limited,98.5,98.5
08091,Ouray County,CO,Colorado,38.1547,-107.7885,540.671,5197,,,
30061,Mineral County,MT,Montana,47.1297,-115.0854,1219.619,5195,,,
48317,Martin County,TX,Texas,32.3098,-101.9618,914.956,5179,Somewhat limited,70,25.6
30101,Toole County,MT,Montana,48.6451,-111.7335,1914.864,5153,Very limited,85.6,85.6
13301,Warren County,GA,Georgia,33.4084,-82.6757,284.368,5148,,,
29005,Atchison County,MO,Missouri,40.4318,-95.4376,547.285,5139,Very limited,77.2,77.2
38049,McHenry County,ND,North Dakota,48.2338,-100.6333,1873.942,5135,Very limited,77,77
47137,Pickett County,TN,Tennessee,36.5594,-85.0757,162.97,5108,,,
02290,Yukon-Koyukuk Census Area,AK,Alaska,65.3757,-151.5782,145767.488,5099,,,
36041,Hamilton County,NY,New York,43.6579,-74.5025,1717.378,5082,Very limited,93,93
27011,Big Stone County,MN,Minnesota,45.4199,-96.4022,499.129,5067,Very limited,80.1,80.1
48153,Floyd County,TX,Texas,34.0737,-101.3033,992.143,5042,Very limited,91.9,91.9
20189,Stevens County,KS,Kansas,37.2017,-101.3173,727.428,5035,Somewhat limited,69.3,19.1
48107,Crosby County,TX,Texas,33.6091,-101.2987,900.199,5030,Very limited,67.3,67.3
40007,Beaver County,OK,Oklahoma,36.7483,-100.4831,1814.837,5025,Very limited,43.7,43.7
48195,Hansford County,TX,Texas,36.2728,-101.3569,919.81,5006,Very limited,67.1,67.1
16003,Adams County,ID,Idaho,44.877,-116.4616,1362.804,4998,,,
48205,Hartley County,TX,Texas,35.8402,-102.61,1461.955,4996,Somewhat limited,72.5,26
16071,Oneida County,ID,Idaho,42.1839,-112.5204,1198.951,4976,,,
38021,Dickey County,ND,North Dakota,46.1078,-98.4965,1131.493,4930,Somewhat limited,51.4,47
31161,Sheridan County,NE,Nebraska,42.5123,-102.3683,2440.17,4927,Very limited,82.1,82.1
54105,Wirt County,WV,West Virginia,39.02,-81.383,232.511,4924,,,
20171,Scott County,KS,Kansas,38.4819,-100.9064,717.585,4914,Very limited,74.9,74.9
17171,Scott County,IL,Illinois,39.637,-90.4778,250.79,4880,Very limited,65.7,65.7
17153,Pulaski County,IL,Illinois,37.2156,-89.1278,199.269,4879,Very limited,81.1,81.1
31169,Thayer County,NE,Nebraska,40.1734,-97.5963,573.789,4870,Very limited,82.5,82.5
51045,Craig County,VA,Virginia,37.4736,-80.2311,328.098,4829,Very limited,88.9,88.9
48483,Wheeler County,TX,Texas,35.3926,-100.2531,914.533,4824,Very limited,81.6,81.6
13259,Stewart County,GA,Georgia,32.0732,-84.8349,458.766,4809,Very limited,60.3,60.3
53069,Wahkiakum County,WA,Washington,46.2946,-123.4245,262.928,4800,,,
21039,Carlisle County,KY,Kentucky,36.8572,-88.9766,189.463,4777,,,
08121,Washington County,CO,Colorado,39.9658,-103.2097,2518.084,4771,Somewhat limited,55.6,38.2
20163,Rooks County,KS,Kansas,39.346,-99.3245,890.527,4748,Very limited,71.2,71.2
20147,Phillips County,KS,Kansas,39.7845,-99.3422,885.871,4733,Very limited,50.2,50.2
29199,Scotland County,MO,Missouri,40.4477,-92.1428,436.507,4698,Very limited,99.3,99.3
05013,Calhoun County,AR,Arkansas,33.5605,-92.5139,628.601,4690,,,
17059,Gallatin County,IL,Illinois,37.7687,-88.228,322.942,4690,Very limited,86.9,86.9
22023,Cameron Parish,LA,Louisiana,29.8718,-93.1649,1284.639,4678,Very limited,72.2,72.2
55037,Florence County,WI,Wisconsin,45.8718,-88.407,488.029,4673,Very limited,95.8,95.8
48169,Garza County,TX,Texas,33.1838,-101.3011,893.416,4645,Very limited,70,70
02070,Dillingham Census Area,AK,Alaska,59.5433,-158.2671,18353.188,4642,,,
56017,Hot Springs County,WY,Wyoming,43.7202,-108.4351,2004.431,4625,,,
20157,Republic County,KS,Kansas,39.8289,-97.6509,717.377,4613,Very limited,91.1,91.1
19159,Ringgold County,IA,Iowa,40.7353,-94.2443,535.494,4608,Very limited,93.7,93.7
16037,Custer County,ID,Idaho,44.2734,-114.2523,4922.177,4597,,,
17003,Alexander County,IL,Illinois,37.1837,-89.3495,235.394,4594,Very limited,82,82
48103,Crane County,TX,Texas,31.4396,-102.4925,785.069,4594,,,
37095,Hyde County,NC,North Carolina,35.4082,-76.1537,612.342,4583,Not rated,56.4,43.6
48247,Jim Hogg County,TX,Texas,27.0532,-98.7476,1136.173,4583,Somewhat limited,49.6,43.3
48333,Mills County,TX,Texas,31.4949,-98.5946,748.225,4563,,,
29171,Putnam County,MO,Missouri,40.4786,-93.0145,517.319,4539,Very limited,99.3,99.3
13249,Schley County,GA,Georgia,32.2634,-84.3227,166.909,4503,,,
08095,Phillips County,CO,Colorado,40.5947,-102.3451,687.928,4488,Very limited,68.2,68.2
31123,Morrill County,NE,Nebraska,41.7322,-102.9906,1423.706,4485,Very limited,68.8,68.8
32021,Mineral County,NV,Nevada,38.5166,-118.4163,3751.283,4475,,,
31065,Furnas County,NE,Nebraska,40.1923,-99.9086,719.204,4468,Very limited,58.3,58.3
48267,Kimble County,TX,Texas,30.4795,-99.7464,1250.98,4401,Very limited,95.3,95.3
46091,Marshall County,SD,South Dakota,45.737,-97.5809,838.085,4395,Very limited,83.4,83.4
21105,Hickman County,KY,Kentucky,36.6759,-88.9721,242.331,4393,,,
35019,Guadalupe County,NM,New Mexico,34.8697,-104.7849,3029.772,4385,Very limited,62.5,62.5
42023,Cameron County,PA,Pennsylvania,41.4383,-78.1983,396.234,4348,,,
32017,Lincoln County,NV,Nevada,37.6346,-114.863,10633.386,4345,,,
46039,Deuel County,SD,South Dakota,44.7563,-96.6902,622.739,4335,Very limited,97.1,97.1
55078,Menominee County,WI,Wisconsin,44.9913,-88.6693,357.615,4286,Very limited,88,88
40043,Dewey County,OK,Oklahoma,35.978,-99.0144,999.628,4268,Very limited,88.7,88.7
29087,Holt County,MO,Missouri,40.0957,-95.2191,462.696,4241,Very limited,78.4,78.4
17013,Calhoun County,IL,Illinois,39.1643,-90.6663,253.829,4224,Very limited,63.3,63.3
30071,Phillips County,MT,Montana,48.2501,-107.9289,5140.422,4214,,,
40053,Grant County,OK,Oklahoma,36.7883,-97.7882,1000.74,4123,Very limited,80.9,80.9
32029,Storey County,NV,Nevada,39.4384,-119.5246,263.8,4112,,,
46053,Gregory County,SD,South Dakota,43.1751,-99.2066,1014.95,4110,Very limited,91.8,91.8
35033,Mora County,NM,New Mexico,35.9828,-104.9219,1926.253,4096,,,
31129,Nuckolls County,NE,Nebraska,40.1765,-98.0468,575.155,4094,Very limited,89,89
51017,Bath County,VA,Virginia,38.0684,-79.7312,529.202,4071,Very limited,92.5,92.5
20007,Barber County,KS,Kansas,37.2229,-98.6851,1134.075,4070,Very limited,79.1,79.1
29197,Schuyler County,MO,Missouri,40.4694,-92.519,307.305,4069,Very limited,99.7,99.7
38045,LaMoure County,ND,North Dakota,46.4642,-98.5261,1146.005,4051,Somewhat limited,71.2,27
31175,Valley County,NE,Nebraska,41.5641,-98.9835,568.09,4032,Very limited,63.2,63.2
38025,Dunn County,ND,North Dakota,47.3546,-102.6123,2008.492,4031,Very limited,81.2,81.2
46045,Edmunds County,SD,South Dakota,45.4117,-99.2054,1125.98,4027,Very limited,53,53
53013,Columbia County,WA,Washington,46.2929,-117.9116,868.585,4025,,,
27069,Kittson County,MN,Minnesota,48.776,-96.7803,1099,3992,Very limited,99.5,99.5
48319,Mason County,TX,Texas,30.7039,-99.2373,928.836,3987,Very limited,93.7,93.7
46025,Clark County,SD,South Dakota,44.8552,-97.7249,957.512,3974,Very limited,92.4,92.4
35023,Hidalgo County,NM,New Mexico,31.8981,-108.7519,3438.551,3966,Very limited,82,82
21189,Owsley County,KY,Kentucky,37.4236,-83.6916,197.402,3928,,,
35059,Union County,NM,New Mexico,36.4881,-103.4757,3825.05,3926,Very limited,73.3,73.3
20185,Stafford County,KS,Kansas,38.0356,-98.7199,792.046,3901,Very limited,98.8,98.8
20119,Meade County,KS,Kansas,37.2439,-100.3601,978.083,3892,Very limited,61,61
27125,Red Lake County,MN,Minnesota,47.8655,-96.0872,432.407,3882,Very limited,98.6,98.6
38069,Pierce County,ND,North Dakota,48.2389,-99.9665,1018.285,3853,Very limited,50.6,50.6
22107,Tensas Parish,LA,Louisiana,32.0015,-91.3426,603.302,3844,Very limited,92.1,92.1
20093,Kearny County,KS,Kansas,37.9945,-101.3081,870.543,3808,Very limited,76.9,76.9
38103,Wells County,ND,North Dakota,47.5809,-99.6822,1270.535,3803,Somewhat limited,65.2,32.6
27077,Lake of the Woods County,MN,Minnesota,48.7681,-94.9046,1297.653,3797,Very limited,70.1,70.1
35003,Catron County,NM,New Mexico,33.9016,-108.3919,6924.187,3795,,,
31029,Chase County,NE,Nebraska,40.5304,-101.6942,894.425,3764,Very limited,79,79
30097,Sweet Grass County,MT,Montana,45.8113,-109.9448,1855.536,3757,,,
46031,Corson County,SD,South Dakota,45.6857,-101.1797,2469.694,3747,Very limited,80.3,80.3
29103,Knox County,MO,Missouri,40.1369,-92.1468,504.01,3740,Very limited,99.6,99.6
16061,Lewis County,ID,Idaho,46.2363,-116.4238,478.822,3728,,,
46085,Lyman County,SD,South Dakota,43.8948,-99.8419,1642.285,3721,Very limited,89.8,89.8
38085,Sioux County,ND,North Dakota,46.1106,-101.0613,1094.052,3713,Very limited,80,80
38081,Sargent County,ND,North Dakota,46.1082,-97.6301,858.491,3710,Very limited,86.3,86.3
17151,Pope County,IL,Illinois,37.4172,-88.5424,368.867,3703,Very limited,90.7,90.7
13101,Echols County,GA,Georgia,30.714,-82.8974,420.407,3698,,,
08023,Costilla County,CO,Colorado,37.2775,-105.4289,1227.593,3686,Very limited,65.2,65.2
48151,Fisher County,TX,Texas,32.7405,-100.4031,898.951,3665,Very limited,64.1,64.1
02013,Aleutians East Borough,AK,Alaska,55.245,-161.9975,6985.375,3632,,,
48229,Hudspeth County,TX,Texas,31.4509,-105.3775,4570.517,3608,,,
19003,Adams County,IA,Iowa,41.0217,-94.6969,423.433,3606,Very limited,95.7,95.7
30039,Granite County,MT,Montana,46.396,-113.4274,1727.162,3602,,,
40045,Ellis County,OK,Oklahoma,36.2243,-99.7501,1231.477,3601,Very limited,64.8,64.8
20081,Haskell County,KS,Kansas,37.555,-100.88,577.521,3591,Very limited,86.9,86.9
38019,Cavalier County,ND,North Dakota,48.7684,-98.4638,1489.125,3567,Very limited,78.6,78.6
17069,Hardin County,IL,Illinois,37.5179,-88.2661,177.39,3550,Very limited,82.5,82.5
20183,Smith County,KS,Kansas,39.7847,-98.7854,895.464,3541,Very limited,59.8,59.8
48023,Baylor County,TX,Texas,33.6188,-99.2082,867.481,3533,Very limited,92.5,92.5
37177,Tyrrell County,NC,North Carolina,35.8704,-76.1653,390.777,3517,Very limited,62.8,62.8
51720,Norton city,VA,Virginia,36.9315,-82.626,7.477,3478,,,
46061,Hanson County,SD,South Dakota,43.6806,-97.7968,434.582,3477,,,
29129,Mercer County,MO,Missouri,40.4214,-93.5676,453.835,3452,Very limited,99.3,99.3
30091,Sheridan County,MT,Montana,48.7056,-104.5339,1676.941,3448,Very limited,90.5,90.5
02195,Petersburg Borough,AK,Alaska,57.1125,-133.0086,2900.89,3436,,,
48197,Hardeman County,TX,Texas,34.2899,-99.7457,695.114,3417,Very limited,92.2,92.2
48081,Coke County,TX,Texas,31.8771,-100.6352,911.647,3396,Very limited,81.7,81.7
08009,Baca County,CO,Colorado,37.3098,-102.5437,2554.993,3367,Very limited,52.3,52.3
20141,Osborne County,KS,Kansas,39.3483,-98.7679,892.516,3353,Very limited,74.8,74.8
20019,Chautauqua County,KS,Kansas,37.1543,-96.2454,638.881,3339,Very limited,97.3,97.3
31181,Webster County,NE,Nebraska,40.1806,-98.4986,574.913,3326,Very limited,65.3,65.3
48095,Concho County,TX,Texas,31.3189,-99.8636,983.755,3326,Very limited,89,89
38031,Foster County,ND,North Dakota,47.4714,-98.8729,634.08,3323,Very limited,55.9,55.9
31105,Kimball County,NE,Nebraska,41.1993,-103.7032,951.942,3305,Very limited,76.8,76.8
40129,Roger Mills County,OK,Oklahoma,35.7086,-99.7416,1141.135,3304,Very limited,87.8,87.8
46007,Bennett County,SD,South Dakota,43.1869,-101.6772,1184.642,3289,Very limited,80.1,80.1
48435,Sutton County,TX,Texas,30.5222,-100.5134,1453.935,3269,Very limited,100,100
31125,Nance County,NE,Nebraska,41.4024,-97.9914,441.595,3262,Very limited,69.6,69.6
48275,Knox County,TX,Texas,33.6119,-99.7304,850.621,3255,Very limited,86.2,86.2
28125,Sharkey County,MS,Mississippi,32.8924,-90.8276,431.72,3234,Very limited,96.6,96.6
38029,Emmons County,ND,North Dakota,46.2843,-100.2378,1508.401,3209,Very limited,51.4,51.4
40059,Harper County,OK,Oklahoma,36.8004,-99.6628,1038.584,3209,Very limited,74.6,74.6
48129,Donley County,TX,Texas,34.955,-100.8158,927.037,3193,Very limited,52.4,52.4
48271,Kinney County,TX,Texas,29.3471,-100.4177,1360.533,3191,Very limited,98.4,98.4
48417,Shackelford County,TX,Texas,32.7438,-99.347,914.286,3169,Very limited,98.2,98.2
48383,Reagan County,TX,Texas,31.3752,-101.5144,1175.314,3139,,,
27155,Traverse County,MN,Minnesota,45.7699,-96.4748,573.872,3134,Very limited,96.4,96.4
48211,Hemphill County,TX,Texas,35.816,-100.2792,906.286,3134,Very limited,74.3,74.3
48461,Upton County,TX,Texas,31.3538,-102.0415,1241.323,3128,,,
06091,Sierra County,CA,California,39.5769,-120.522,953.168,3113,,,
20207,Woodson County,KS,Kansas,37.8882,-95.7585,497.819,3111,Very limited,98.5,98.5
46059,Hand County,SD,South Dakota,44.5467,-99.0046,1436.633,3097,Very limited,92.5,92.5
31083,Harlan County,NE,Nebraska,40.1788,-99.4034,553.466,3018,Somewhat limited,51.8,44
46117,Stanley County,SD,South Dakota,44.414,-100.7478,1444.436,3015,Very limited,90.9,90.9
13125,Glascock County,GA,Georgia,33.2275,-82.6069,143.746,3008,,,
38063,Nelson County,ND,North Dakota,47.9187,-98.2044,981.815,3007,Very limited,68.6,68.6
31163,Sherman County,NE,Nebraska,41.2187,-98.9728,565.877,2949,Very limited,55.8,55.8
30025,Fallon County,MT,Montana,46.3182,-104.4057,1620.595,2946,Very limited,62.3,62.3
20105,Lincoln County,KS,Kansas,39.0472,-98.2144,719.4,2928,Very limited,76.9,76.9
20089,Jewell County,KS,Kansas,39.777,-98.2226,909.971,2899,Very limited,70,70
38011,Bowman County,ND,North Dakota,46.1101,-103.5059,1161.809,2886,Very limited,73.4,73.4
48295,Lipscomb County,TX,Texas,36.2802,-100.2727,932.214,2880,Very limited,53.1,53.1
31017,Brown County,NE,Nebraska,42.3596,-99.9239,1221.405,2877,Very limited,98.4,98.4
46043,Douglas County,SD,South Dakota,43.3915,-98.3584,431.801,2849,Very limited,96.9,96.9
46105,Perkins County,SD,South Dakota,45.4834,-102.468,2870.46,2832,Very limited,88.7,88.7
48191,Hall County,TX,Texas,34.4532,-100.5763,883.492,2828,Very limited,73.6,73.6
31061,Franklin County,NE,Nebraska,40.1832,-98.9621,575.816,2817,Very limited,73.1,73.1
13061,Clay County,GA,Georgia,31.6198,-84.9926,195.404,2815,,,
20165,Rush County,KS,Kansas,38.5236,-99.3092,717.763,2810,Very limited,79.2,79.2
48105,Crockett County,TX,Texas,30.7175,-101.4042,2807.324,2799,Very limited,87,87
31135,Perkins County,NE,Nebraska,40.8576,-101.6275,883.313,2779,Very limited,69.6,69.6
20195,Trego County,KS,Kansas,38.9213,-99.8654,889.474,2774,Very limited,51.5,51.5
48385,Real County,TX,Texas,29.8301,-99.8125,699.16,2772,,,
48421,Sherman County,TX,Texas,36.2786,-101.8993,922.86,2771,Very limited,51.6,51.6
46003,Aurora County,SD,South Dakota,43.7247,-98.5776,708.46,2752,Very limited,79.4,79.4
49033,Rich County,UT,Utah,41.6276,-111.2402,1028.758,2752,,,
46071,Jackson County,SD,South Dakota,43.6775,-101.6263,1863.883,2737,,,
16023,Butte County,ID,Idaho,43.6851,-113.1776,2236.487,2735,,,
13007,Baker County,GA,Georgia,31.3196,-84.4549,341.957,2732,,,
20047,Edwards County,KS,Kansas,37.8836,-99.3047,621.894,2731,Very limited,94.4,94.4
20039,Decatur County,KS,Kansas,39.7835,-100.4597,893.517,2716,Somewhat limited,53,47
20109,Logan County,KS,Kansas,38.9133,-101.1574,1072.993,2694,Somewhat limited,71.6,26.8
20063,Gove County,KS,Kansas,38.9172,-100.4874,1071.666,2658,Somewhat limited,69.7,29.6
20023,Cheyenne County,KS,Kansas,39.7899,-101.7273,1019.89,2646,Somewhat limited,56.4,39.6
02066,Copper River Census Area,AK,Alaska,62.0345,-143.9222,24647.357,2631,,,
20135,Ness County,KS,Kansas,38.4804,-99.9087,1074.739,2617,Very limited,65.3,65.3
48087,Collingsworth County,TX,Texas,34.9634,-100.2721,918.441,2611,Very limited,74.7,74.7
49055,Wayne County,UT,Utah,38.2599,-110.9909,2461.094,2608,,,
48079,Cochran County,TX,Texas,33.6084,-102.8304,775.082,2583,Somewhat limited,81.6,17.5
31063,Frontier County,NE,Nebraska,40.5309,-100.4067,974.655,2536,Very limited,64.5,64.5
31133,Pawnee County,NE,Nebraska,40.1378,-96.2452,431.075,2521,Very limited,99.1,99.1
20017,Chase County,KS,Kansas,38.2995,-96.594,773.053,2507,Very limited,98.6,98.6
20075,Hamilton County,KS,Kansas,37.9952,-101.7937,996.514,2488,Very limited,52.5,52.5
20129,Morton County,KS,Kansas,37.1852,-101.8095,729.731,2485,Somewhat limited,53.4,38.2
08033,Dolores County,CO,Colorado,37.7338,-108.5062,1067.17,2467,,,
38051,McIntosh County,ND,North Dakota,46.096,-99.4408,974.563,2461,Somewhat limited,51.9,42.2
31087,Hitchcock County,NE,Nebraska,40.1769,-101.0442,709.951,2460,Somewhat limited,52.6,44.6
20049,Elk County,KS,Kansas,37.456,-96.2446,644.264,2436,Very limited,99.2,99.2
20097,Kiowa County,KS,Kansas,37.5612,-99.2865,722.64,2436,Very limited,76.5,76.5
20153,Rawlins County,KS,Kansas,39.7862,-101.0767,1069.416,2432,Somewhat limited,55,45
38041,Hettinger County,ND,North Dakota,46.4357,-102.4542,1132.239,2419,Very limited,87.7,87.7
46137,Ziebach County,SD,South Dakota,44.9898,-101.6608,1961.248,2418,Very limited,89.4,89.4
53023,Garfield County,WA,Washington,46.4293,-117.5367,710.835,2404,,,
46107,Potter County,SD,South Dakota,45.0527,-99.962,861.138,2402,Very limited,73,73
20179,Sheridan County,KS,Kansas,39.3505,-100.4412,895.957,2397,Somewhat limited,90.7,9.3
46111,Sanborn County,SD,South Dakota,44.0189,-98.0917,569.242,2392,Very limited,92.8,92.8
21201,Robertson County,KY,Kentucky,38.5135,-84.0642,99.591,2382,,,
38075,Renville County,ND,North Dakota,48.7128,-101.6582,877.244,2376,Very limited,87.5,87.5
38043,Kidder County,ND,North Dakota,46.9383,-99.7312,1351.062,2371,Very limited,60.8,60.8
20065,Graham County,KS,Kansas,39.355,-99.8799,898.527,2370,Somewhat limited,54.4,45.5
51091,Highland County,VA,Virginia,38.3662,-79.5645,415.163,2348,Very limited,93.4,93.4
13239,Quitman County,GA,Georgia,31.8629,-85.0048,151.242,2323,,,
13307,Webster County,GA,Georgia,32.0467,-84.5538,209.657,2315,Somewhat limited,63.1,32.4
40057,Harmon County,OK,Oklahoma,34.746,-99.8442,537.258,2315,Very limited,87.9,87.9
02105,Hoonah-Angoon Census Area,AK,Alaska,58.4033,-135.8849,6559.729,2312,,,
38027,Eddy County,ND,North Dakota,47.7234,-98.9005,630.239,2309,Very limited,65.8,65.8
46089,McPherson County,SD,South Dakota,45.7842,-99.2114,1136.668,2307,Somewhat limited,54.7,42.8
46097,Miner County,SD,South Dakota,44.0215,-97.6081,570.17,2303,Very limited,89.5,89.5
48413,Schleicher County,TX,Texas,30.8962,-100.5272,1310.642,2302,Very limited,100,100
56027,Niobrara County,WY,Wyoming,43.0622,-104.4684,2626.028,2301,Very limited,59.2,59.2
08115,Sedgwick County,CO,Colorado,40.8716,-102.3554,548.041,2257,Very limited,58.9,58.9
48109,Culberson County,TX,Texas,31.4459,-104.5269,3812.156,2254,,,
38037,Grant County,ND,North Dakota,46.3578,-101.639,1659.233,2247,Very limited,83.8,83.8
38039,Griggs County,ND,North Dakota,47.4563,-98.2323,708.685,2227,Very limited,65.5,65.5
31077,Greeley County,NE,Nebraska,41.5676,-98.5306,569.826,2197,Very limited,61.1,61.1
26083,Keweenaw County,MI,Michigan,47.3673,-88.3513,540.112,2161,,,
38013,Burke County,ND,North Dakota,48.7865,-102.5201,1103.619,2154,Very limited,68.4,68.4
38001,Adams County,ND,North Dakota,46.0968,-102.5332,987.547,2141,Very limited,80.1,80.1
46049,Faulk County,SD,South Dakota,45.0655,-99.1536,981.713,2136,Very limited,49.3,49.3
40025,Cimarron County,OK,Oklahoma,36.7484,-102.5177,1834.808,2133,Somewhat limited,55.4,42
38023,Divide County,ND,North Dakota,48.8148,-103.5093,1261.13,2124,Very limited,55.5,55.5
30045,Judith Basin County,MT,Montana,47.0326,-110.3053,1869.687,2111,,,
02100,Haines Borough,AK,Alaska,59.0984,-135.5758,2334.933,2104,,,
20203,Wichita County,KS,Kansas,38.4819,-101.3474,718.566,2072,Very limited,79.2,79.2
20187,Stanton County,KS,Kansas,37.5659,-101.7894,680.352,2071,Very limited,69.1,69.1
30059,Meagher County,MT,Montana,46.5857,-110.9217,2391.868,2065,,,
02275,Wrangell City and Borough,AK,Alaska,56.1808,-132.0268,2556.105,2064,,,
30107,Wheatland County,MT,Montana,46.497,-109.8577,1422.481,2058,,,
38095,Towner County,ND,North Dakota,48.6822,-99.2482,1025.129,2051,Very limited,95.4,95.4
41055,Sherman County,OR,Oregon,45.3992,-120.6785,823.614,2002,Very limited,72.8,72.8
41021,Gilliam County,OR,Oregon,45.383,-120.2762,1204.721,1971,Very limited,79.6,79.6
30051,Liberty County,MT,Montana,48.5597,-111.0369,1429.988,1934,Very limited,86.8,86.8
48327,Menard County,TX,Texas,30.8853,-99.8589,902.027,1911,Very limited,95.6,95.6
31049,Deuel County,NE,Nebraska,41.1119,-102.3326,439.825,1892,Somewhat limited,46.8,46.5
38065,Oliver County,ND,North Dakota,47.1181,-101.3314,722.404,1882,Very limited,77.5,77.5
38047,Logan County,ND,North Dakota,46.4693,-99.5046,992.599,1880,Somewhat limited,49.3,45.1
32011,Eureka County,NV,Nevada,39.9778,-116.2722,4175.688,1877,,,
20025,Clark County,KS,Kansas,37.2338,-99.8139,974.638,1873,Very limited,72,72
29227,Worth County,MO,Missouri,40.4805,-94.4192,266.629,1872,Very limited,97.2,97.2
46055,Haakon County,SD,South Dakota,44.2881,-101.5409,1810.541,1834,Very limited,95.1,95.1
46095,Mellette County,SD,South Dakota,43.5813,-100.7552,1307.311,1834,Very limited,88.5,88.5
46017,Buffalo County,SD,South Dakota,44.0443,-99.204,471.405,1825,,,
48359,Oldham County,TX,Texas,35.4019,-102.5976,1500.523,1823,Very limited,50.4,50.4
48011,Armstrong County,TX,Texas,34.9642,-101.3566,909.124,1809,Very limited,75.7,75.7
31073,Gosper County,NE,Nebraska,40.5091,-99.8232,458.199,1808,Very limited,63.6,63.6
31069,Garden County,NE,Nebraska,41.6334,-102.303,1704.826,1804,Very limited,82.4,82.4
38033,Golden Valley County,ND,North Dakota,46.9389,-103.8446,1000.887,1795,Very limited,72.9,72.9
48243,Jeff Davis County,TX,Texas,30.6254,-104.1919,2264.556,1778,Very limited,79,79
38091,Steele County,ND,North Dakota,47.4511,-97.7189,712.143,1767,Very limited,57.2,57.2
30075,Powder River County,MT,Montana,45.4089,-105.5553,3298.196,1734,,,
48125,Dickens County,TX,Texas,33.6154,-100.7876,901.724,1725,Very limited,71.3,71.3
30055,McCone County,MT,Montana,47.6296,-105.7572,2642.225,1717,Very limited,72.5,72.5
08017,Cheyenne County,CO,Colorado,38.8356,-102.6018,1778.276,1712,Somewhat limited,52.6,34
31071,Garfield County,NE,Nebraska,41.9069,-98.9513,569.356,1707,Very limited,94.3,94.3
31015,Boyd County,NE,Nebraska,42.8944,-98.773,539.368,1700,Very limited,94.1,94.1
20033,Comanche County,KS,Kansas,37.1814,-99.2513,788.298,1694,Very limited,64.6,64.6
46073,Jerauld County,SD,South Dakota,44.0634,-98.6232,526.133,1689,Very limited,92.4,92.4
20083,Hodgeman County,KS,Kansas,38.0875,-99.8984,859.992,1673,Very limited,65.6,65.6
35011,De Baca County,NM,New Mexico,34.3593,-104.3687,2323.107,1657,Very limited,56.8,56.8
30019,Daniels County,MT,Montana,48.7944,-105.5417,1426.27,1625,,,
02068,Denali Borough,AK,Alaska,63.682,-150.027,12639.746,1621,,,
13265,Taliaferro County,GA,Georgia,33.5593,-82.8753,194.607,1620,,,
31057,Dundy County,NE,Nebraska,40.1802,-101.6811,919.678,1581,Very limited,66.6,66.6
49031,Piute County,UT,Utah,38.3359,-112.1294,758.21,1534,,,
48447,Throckmorton County,TX,Texas,33.1707,-99.2058,912.552,1532,Very limited,99.2,99.2
48235,Irion County,TX,Texas,31.3034,-100.9813,1051.544,1526,Very limited,97,97
48045,Briscoe County,TX,Texas,34.5252,-101.2059,900.001,1494,Very limited,85.1,85.1
20101,Lane County,KS,Kansas,38.4813,-100.4662,717.409,1482,Very limited,70.5,70.5
20199,Wallace County,KS,Kansas,38.9266,-101.7711,913.652,1472,Somewhat limited,75.2,24.2
46119,Sully County,SD,South Dakota,44.7223,-100.1314,1006.727,1468,Very limited,70.1,70.1
41069,Wheeler County,OR,Oregon,44.7364,-120.0269,1716.021,1456,,,
30011,Carter County,MT,Montana,45.5168,-104.5153,3340.477,1399,Very limited,63.4,63.4
08061,Kiowa County,CO,Colorado,38.3877,-102.7568,1767.809,1392,Very limited,51.3,51.3
48431,Sterling County,TX,Texas,31.8358,-101.0549,923.449,1387,Very limited,91.5,91.5
48137,Edwards County,TX,Texas,29.9859,-100.3074,2117.872,1383,,,
46021,Campbell County,SD,South Dakota,45.7856,-100.0021,733.767,1342,Somewhat limited,55.7,38.6
46063,Harding County,SD,South Dakota,45.5966,-103.4739,2671.57,1325,Very limited,87.4,87.4
02164,Lake and Peninsula Borough,AK,Alaska,58.1085,-156.4134,23896.583,1315,,,
28055,Issaquena County,MS,Mississippi,32.7555,-91.0035,412.98,1295,Very limited,89.9,89.9
08057,Jackson County,CO,Colorado,40.6634,-106.3292,1613.726,1273,,,
38083,Sheridan County,ND,North Dakota,47.5814,-100.331,972.226,1268,Somewhat limited,55.8,40.3
48101,Cottle County,TX,Texas,34.0919,-100.2764,900.564,1263,Very limited,78.4,78.4
16025,Camas County,ID,Idaho,43.5026,-114.7721,1074.234,1247,,,
31149,Rock County,NE,Nebraska,42.3947,-99.4209,1008.291,1241,Very limited,98,98
48433,Stonewall County,TX,Texas,33.1796,-100.2538,916.313,1235,Very limited,84.1,84.1
46069,Hyde County,SD,South Dakota,44.5372,-99.4727,860.629,1215,Very limited,93.3,93.3
30033,Garfield County,MT,Montana,47.2672,-106.996,4676.56,1181,Very limited,65.2,65.2
48173,Glasscock County,TX,Texas,31.868,-101.5215,900.218,1153,Very limited,83,83
20071,Greeley County,KS,Kansas,38.4804,-101.806,778.404,1152,Very limited,70.1,70.1
02230,Skagway Municipality,AK,Alaska,59.5604,-135.3383,442.928,1119,,,
30079,Prairie County,MT,Montana,46.8124,-105.5039,1736.603,1112,Very limited,70.8,70.8
06003,Alpine County,CA,California,38.6218,-119.7984,738.34,1099,,,
31165,Sioux County,NE,Nebraska,42.4707,-103.7322,2066.723,1099,Very limited,64.6,64.6
38007,Billings County,ND,North Dakota,47.007,-103.364,1148.488,1063,Very limited,77.9,77.9
48155,Foard County,TX,Texas,33.9633,-99.8168,704.395,1053,Very limited,95,95
48345,Motley County,TX,Texas,34.0579,-100.7932,989.566,1015,Very limited,61.5,61.5
49009,Daggett County,UT,Utah,40.8901,-109.5058,696.514,956,,,
08079,Mineral County,CO,Colorado,37.5491,-107.0032,875.76,933,,,
30109,Wibaux County,MT,Montana,46.963,-104.2745,889.571,911,Very limited,75.8,75.8
02060,Bristol Bay Borough,AK,Alaska,58.7305,-156.9945,481.382,884,,,
46075,Jones County,SD,South Dakota,43.952,-100.6861,969.668,874,Very limited,95.5,95.5
30037,Golden Valley County,MT,Montana,46.3806,-109.1746,1174.423,863,,,
31085,Hayes County,NE,Nebraska,40.5372,-101.048,713.065,846,Very limited,46.7,46.7
48393,Roberts County,TX,Texas,35.8386,-100.8367,924.058,837,Somewhat limited,50.3,48.4
08111,San Juan County,CO,Colorado,37.781,-107.6703,387.516,821,,,
31103,Keya Paha County,NE,Nebraska,42.8755,-99.7184,772.876,819,Very limited,99.2,99.2
31183,Wheeler County,NE,Nebraska,41.9226,-98.5209,575.183,808,Very limited,98.1,98.1
16033,Clark County,ID,Idaho,44.2902,-112.3546,1763.145,794,,,
08053,Hinsdale County,CO,Colorado,37.8115,-107.384,1117.231,747,,,
30103,Treasure County,MT,Montana,46.2271,-107.2753,977.801,739,Very limited,82.9,82.9
32009,Esmeralda County,NV,Nevada,37.779,-117.6324,3581.889,720,,,
48443,Terrell County,TX,Texas,30.2323,-102.0725,2357.958,718,Very limited,90,90
48263,Kent County,TX,Texas,33.1848,-100.7697,902.507,703,Very limited,84.4,84.4
31091,Hooker County,NE,Nebraska,41.9203,-101.1173,720.966,698,Very limited,99.4,99.4
31113,Logan County,NE,Nebraska,41.5422,-100.4437,570.698,694,Very limited,95.6,95.6
02282,Yakutat City and Borough,AK,Alaska,60.0175,-140.4168,7628.411,690,,,
31007,Banner County,NE,Nebraska,41.5397,-103.7263,746.039,665,Very limited,66.1,66.1
38087,Slope County,ND,North Dakota,46.4458,-103.4625,1215.264,660,Very limited,75,75
35021,Harding County,NM,New Mexico,35.8594,-103.8534,2125.478,635,Very limited,61.6,61.6
31171,Thomas County,NE,Nebraska,41.8557,-100.5247,712.554,634,Very limited,99.5,99.5
31115,Loup County,NE,Nebraska,41.8982,-99.5145,563.341,582,Very limited,94.2,94.2
31075,Grant County,NE,Nebraska,41.914,-101.756,776.696,573,Very limited,98.5,98.5
48311,McMullen County,TX,Texas,28.3849,-98.5789,1139.799,565,Very limited,56.1,56.1
48033,Borden County,TX,Texas,32.7386,-101.4392,897.443,557,Very limited,71.5,71.5
30069,Petroleum County,MT,Montana,47.1419,-108.2266,1655.625,525,Very limited,75.2,75.2
31009,Blaine County,NE,Nebraska,41.9319,-99.9964,710.702,454,Very limited,98.9,98.9
31005,Arthur County,NE,Nebraska,41.5719,-101.6959,715.152,423,Very limited,99,99
31117,McPherson County,NE,Nebraska,41.6484,-101.1209,859.259,376,Very limited,98.8,98.8
48261,Kenedy County,TX,Texas,26.8902,-97.5911,1458.562,330,,,
48269,King County,TX,Texas,33.6143,-100.2453,910.873,215,Very limited,77.6,77.6
15005,Kalawao County,HI,Hawaii,21.2188,-156.974,11.991,81,,,
48301,Loving County,TX,Texas,31.8449,-103.5612,668.818,48,,,
